State Name,District Name,Market Name,Variety,Group,Arrivals (Tonnes),Min Price (Rs./Quintal),Max Price (Rs./Quintal),Modal Price (Rs./Quintal),Reported Date
Madhya Pradesh,Hoshangabad,Hoshangabad,Local,Cereals,1,1476,1476,1476,04-Dec-17
Madhya Pradesh,Hoshangabad,Hoshangabad,Local,Cereals,1.1,2050,2050,2050,27-Aug-22
Madhya Pradesh,Hoshangabad,Hoshangabad,Local,Cereals,1.1,2050,2050,2050,29-Aug-22
Madhya Pradesh,Hoshangabad,Hoshangabad,Local,Cereals,1.2,2010,2010,2010,02-Aug-22
Madhya Pradesh,Hoshangabad,Hoshangabad,Local,Cereals,1.4,1410,1420,1410,09-Dec-14
Madhya Pradesh,Hoshangabad,Hoshangabad,Local,Cereals,2,1431,1431,1431,05-Nov-15
Madhya Pradesh,Hoshangabad,Hoshangabad,Local,Cereals,2,1750,1760,1750,29-Jan-19
Madhya Pradesh,Hoshangabad,Hoshangabad,Local,Cereals,2.5,1800,1800,1800,21-Nov-16
Madhya Pradesh,Hoshangabad,Hoshangabad,Local,Cereals,2.5,2126,2126,2126,08-May-23
Madhya Pradesh,Hoshangabad,Hoshangabad,Local,Cereals,3,1360,1360,1360,22-Sep-15
Madhya Pradesh,Hoshangabad,Hoshangabad,Local,Cereals,3,1843,1843,1843,29-Mar-19
Madhya Pradesh,Hoshangabad,Hoshangabad,Local,Cereals,3,2018,2018,2018,01-Jun-22
Madhya Pradesh,Hoshangabad,Hoshangabad,Local,Cereals,3,2140,2140,2140,24-Jul-23
Madhya Pradesh,Hoshangabad,Hoshangabad,Local,Cereals,3.2,1750,1810,1780,19-Nov-18
Madhya Pradesh,Hoshangabad,Hoshangabad,Local,Cereals,3.5,1525,1525,1525,28-Oct-15
Madhya Pradesh,Hoshangabad,Hoshangabad,Local,Cereals,3.5,1705,1705,1705,02-Apr-19
Madhya Pradesh,Hoshangabad,Hoshangabad,Local,Cereals,4,2140,2140,2140,22-Jun-23
Madhya Pradesh,Hoshangabad,Hoshangabad,Local,Cereals,4,2315,2315,2315,04-Feb-23
Madhya Pradesh,Hoshangabad,Hoshangabad,Local,Cereals,4.2,1626,1627,1627,10-Jul-17
Madhya Pradesh,Hoshangabad,Hoshangabad,Local,Cereals,4.5,1600,1600,1600,18-Mar-16
Madhya Pradesh,Hoshangabad,Hoshangabad,Local,Cereals,4.5,1845,1845,1845,28-Mar-19
Madhya Pradesh,Hoshangabad,Hoshangabad,Local,Cereals,5,1325,1325,1325,05-Oct-15
Madhya Pradesh,Hoshangabad,Hoshangabad,Local,Cereals,5,1401,1401,1401,07-Aug-15
Madhya Pradesh,Hoshangabad,Hoshangabad,Local,Cereals,5,1420,1420,1420,24-Oct-15
Madhya Pradesh,Hoshangabad,Hoshangabad,Local,Cereals,5,1600,1600,1600,12-Jul-16
Madhya Pradesh,Hoshangabad,Hoshangabad,Local,Cereals,5,1626,1632,1630,29-Jul-17
Madhya Pradesh,Hoshangabad,Hoshangabad,Local,Cereals,5,1630,1630,1630,02-Jun-17
Madhya Pradesh,Hoshangabad,Hoshangabad,Local,Cereals,5,1631,1631,1631,23-Mar-17
Madhya Pradesh,Hoshangabad,Hoshangabad,Local,Cereals,5,1700,1700,1700,21-Oct-21
Madhya Pradesh,Hoshangabad,Hoshangabad,Local,Cereals,5,1950,1955,1950,10-Oct-19
Madhya Pradesh,Hoshangabad,Hoshangabad,Local,Cereals,5.2,1650,1660,1655,12-Mar-18
Madhya Pradesh,Hoshangabad,Hoshangabad,Local,Cereals,5.5,1700,1700,1700,08-Feb-17
Madhya Pradesh,Hoshangabad,Hoshangabad,Local,Cereals,5.5,2350,2350,2350,06-Dec-22
Madhya Pradesh,Hoshangabad,Hoshangabad,Local,Cereals,6,170.5,172,171.5,14-Aug-18
Madhya Pradesh,Hoshangabad,Hoshangabad,Local,Cereals,6,1450,1500,1475,14-Dec-17
Madhya Pradesh,Hoshangabad,Hoshangabad,Local,Cereals,6,1500,1600,1560,16-Aug-17
Madhya Pradesh,Hoshangabad,Hoshangabad,Local,Cereals,6,1705,1705,1705,07-Feb-17
Madhya Pradesh,Hoshangabad,Hoshangabad,Local,Cereals,6,1830,1830,1830,28-Jun-19
Madhya Pradesh,Hoshangabad,Hoshangabad,Local,Cereals,6,1830,1840,1835,12-Jul-19
Madhya Pradesh,Hoshangabad,Hoshangabad,Local,Cereals,6,1845,1845,1845,03-Jun-19
Madhya Pradesh,Hoshangabad,Hoshangabad,Local,Cereals,6,1851,1851,1851,27-Jan-22
Madhya Pradesh,Hoshangabad,Hoshangabad,Local,Cereals,6,1900,1925,1910,01-Oct-19
Madhya Pradesh,Hoshangabad,Hoshangabad,Local,Cereals,6,2100,2100,2100,03-Aug-22
Madhya Pradesh,Hoshangabad,Hoshangabad,Local,Cereals,6,2130,2130,2130,29-May-23
Madhya Pradesh,Hoshangabad,Hoshangabad,Local,Cereals,6,2311,2311,2311,01-Dec-22
Madhya Pradesh,Hoshangabad,Hoshangabad,Local,Cereals,6,2450,2450,2450,19-Jun-24
Madhya Pradesh,Hoshangabad,Hoshangabad,Local,Cereals,6.2,1690,1690,1690,27-Feb-17
Madhya Pradesh,Hoshangabad,Hoshangabad,Local,Cereals,6.3,1626,1630,1626,01-Aug-17
Madhya Pradesh,Hoshangabad,Hoshangabad,Local,Cereals,6.5,1450,1515,1510,15-Dec-17
Madhya Pradesh,Hoshangabad,Hoshangabad,Local,Cereals,6.5,1630,1631,1630,19-Jan-18
Madhya Pradesh,Hoshangabad,Hoshangabad,Local,Cereals,6.6,2405,2405,2405,17-Apr-24
Madhya Pradesh,Hoshangabad,Hoshangabad,Local,Cereals,6.6,2455,2455,2455,25-Jun-24
Madhya Pradesh,Hoshangabad,Hoshangabad,Local,Cereals,6.8,1610,1610,1610,15-Mar-17
Madhya Pradesh,Hoshangabad,Hoshangabad,Local,Cereals,7,1590,1600,1590,05-Jul-16
Madhya Pradesh,Hoshangabad,Hoshangabad,Local,Cereals,7,1600,1600,1600,04-Jun-16
Madhya Pradesh,Hoshangabad,Hoshangabad,Local,Cereals,7,2130,2130,2130,20-Jun-23
Madhya Pradesh,Hoshangabad,Hoshangabad,Local,Cereals,7.2,2405,2405,2405,27-Apr-24
Madhya Pradesh,Hoshangabad,Hoshangabad,Local,Cereals,7.5,1626,1627,1626,10-Aug-17
Madhya Pradesh,Hoshangabad,Hoshangabad,Local,Cereals,7.5,1843,1843,1843,30-Mar-19
Madhya Pradesh,Hoshangabad,Hoshangabad,Local,Cereals,7.5,2401,2401,2401,09-Jan-23
Madhya Pradesh,Hoshangabad,Hoshangabad,Local,Cereals,8,1750,1835,1810,15-Jul-19
Madhya Pradesh,Hoshangabad,Hoshangabad,Local,Cereals,8,1780,1820,1805,25-Jul-19
Madhya Pradesh,Hoshangabad,Hoshangabad,Local,Cereals,8,1840,1845,1843,25-Jun-19
Madhya Pradesh,Hoshangabad,Hoshangabad,Local,Cereals,8.1,1500,1600,1560,24-Aug-17
Madhya Pradesh,Hoshangabad,Hoshangabad,Local,Cereals,8.5,1975,1975,1975,15-Feb-22
Madhya Pradesh,Hoshangabad,Hoshangabad,Local,Cereals,8.5,2128,2128,2128,04-May-23
Madhya Pradesh,Hoshangabad,Hoshangabad,Local,Cereals,8.5,2211,2221,2215,01-Sep-23
Madhya Pradesh,Hoshangabad,Hoshangabad,Local,Cereals,9,1280,1280,1280,10-Aug-15
Madhya Pradesh,Hoshangabad,Hoshangabad,Local,Cereals,9,1520,1540,1530,27-Oct-17
Madhya Pradesh,Hoshangabad,Hoshangabad,Local,Cereals,9,1627,1627,1627,04-Aug-17
Madhya Pradesh,Hoshangabad,Hoshangabad,Local,Cereals,9,1632,1635,1633,21-Mar-17
Madhya Pradesh,Hoshangabad,Hoshangabad,Local,Cereals,9,2016,2016,2016,04-Jun-22
Madhya Pradesh,Hoshangabad,Hoshangabad,Local,Cereals,9,2400,2405,2405,27-Oct-23
Madhya Pradesh,Hoshangabad,Hoshangabad,Local,Cereals,9.6,2120,2150,2150,15-Mar-22
Madhya Pradesh,Hoshangabad,Hoshangabad,Local,Cereals,9.8,1626,1630,1628,31-Jul-17
Madhya Pradesh,Hoshangabad,Hoshangabad,Local,Cereals,10,145,145,145,23-Dec-14
Madhya Pradesh,Hoshangabad,Hoshangabad,Local,Cereals,10,1350,1350,1350,24-Sep-15
Madhya Pradesh,Hoshangabad,Hoshangabad,Local,Cereals,10,1350,1375,1375,23-Sep-15
Madhya Pradesh,Hoshangabad,Hoshangabad,Local,Cereals,10,1410,1410,1410,13-Feb-16
Madhya Pradesh,Hoshangabad,Hoshangabad,Local,Cereals,10,1411,1421,1421,01-Nov-14
Madhya Pradesh,Hoshangabad,Hoshangabad,Local,Cereals,10,1450,1475,1475,08-Oct-15
Madhya Pradesh,Hoshangabad,Hoshangabad,Local,Cereals,10,1525,1544,1535,28-Sep-17
Madhya Pradesh,Hoshangabad,Hoshangabad,Local,Cereals,10,1530,1540,1535,21-Oct-17
Madhya Pradesh,Hoshangabad,Hoshangabad,Local,Cereals,10,1560,1560,1560,18-Aug-17
Madhya Pradesh,Hoshangabad,Hoshangabad,Local,Cereals,10,1601,1605,1605,26-Jul-16
Madhya Pradesh,Hoshangabad,Hoshangabad,Local,Cereals,10,1626,1626,1626,27-Jul-17
Madhya Pradesh,Hoshangabad,Hoshangabad,Local,Cereals,10,1632,1640,1635,25-Mar-17
Madhya Pradesh,Hoshangabad,Hoshangabad,Local,Cereals,10,1638,1638,1638,07-Jul-17
Madhya Pradesh,Hoshangabad,Hoshangabad,Local,Cereals,10,1638,1638,1638,11-Jul-17
Madhya Pradesh,Hoshangabad,Hoshangabad,Local,Cereals,10,1640,1645,1640,16-Jul-16
Madhya Pradesh,Hoshangabad,Hoshangabad,Local,Cereals,10,1670,1675,1670,18-Oct-16
Madhya Pradesh,Hoshangabad,Hoshangabad,Local,Cereals,10,1710,1716,1716,09-Dec-16
Madhya Pradesh,Hoshangabad,Hoshangabad,Local,Cereals,10,1720,1720,1720,16-Oct-21
Madhya Pradesh,Hoshangabad,Hoshangabad,Local,Cereals,10,1775,1780,1775,30-Jan-16
Madhya Pradesh,Hoshangabad,Hoshangabad,Local,Cereals,10,1800,1830,1820,22-Mar-19
Madhya Pradesh,Hoshangabad,Hoshangabad,Local,Cereals,10,1820,1845,1835,10-Jun-19
Madhya Pradesh,Hoshangabad,Hoshangabad,Local,Cereals,10,1825,1830,1826,05-Jul-19
Madhya Pradesh,Hoshangabad,Hoshangabad,Local,Cereals,10,1825,1835,1830,14-Mar-19
Madhya Pradesh,Hoshangabad,Hoshangabad,Local,Cereals,10,1840,1845,1840,30-May-19
Madhya Pradesh,Hoshangabad,Hoshangabad,Local,Cereals,10,1840,1845,1843,04-Jun-19
Madhya Pradesh,Hoshangabad,Hoshangabad,Local,Cereals,10,1840,1850,1845,06-Jun-19
Madhya Pradesh,Hoshangabad,Hoshangabad,Local,Cereals,10,1855,1865,1860,19-Jul-19
Madhya Pradesh,Hoshangabad,Hoshangabad,Local,Cereals,10,1900,1900,1900,11-Oct-19
Madhya Pradesh,Hoshangabad,Hoshangabad,Local,Cereals,10,1950,1960,1955,21-Oct-19
Madhya Pradesh,Hoshangabad,Hoshangabad,Local,Cereals,10,2000,2000,2000,03-Mar-23
Madhya Pradesh,Hoshangabad,Hoshangabad,Local,Cereals,10,2000,2000,2000,06-Mar-23
Madhya Pradesh,Hoshangabad,Hoshangabad,Local,Cereals,10,2005,2010,2010,29-Jul-22
Madhya Pradesh,Hoshangabad,Hoshangabad,Local,Cereals,10,2020,2022,2022,21-May-22
Madhya Pradesh,Hoshangabad,Hoshangabad,Local,Cereals,10,2050,2075,2075,06-Aug-22
Madhya Pradesh,Hoshangabad,Hoshangabad,Local,Cereals,10,2150,2150,2150,17-Sep-22
Madhya Pradesh,Hoshangabad,Hoshangabad,Local,Cereals,10,2400,2457,2457,30-Oct-23
Madhya Pradesh,Hoshangabad,Hoshangabad,Local,Cereals,10,2450,2451,2451,03-Nov-23
Madhya Pradesh,Hoshangabad,Hoshangabad,Local,Cereals,10.5,1526,1526,1526,28-Apr-16
Madhya Pradesh,Hoshangabad,Hoshangabad,Local,Cereals,10.5,1825,1830,1830,12-Jan-22
Madhya Pradesh,Hoshangabad,Hoshangabad,Local,Cereals,10.57,1625,1625,1625,20-May-17
Madhya Pradesh,Hoshangabad,Hoshangabad,Local,Cereals,11,1475,1475,1475,31-Dec-15
Madhya Pradesh,Hoshangabad,Hoshangabad,Local,Cereals,11,1725,1741,1730,01-Apr-19
Madhya Pradesh,Hoshangabad,Hoshangabad,Local,Cereals,11,2150,2175,2175,31-May-23
Madhya Pradesh,Hoshangabad,Hoshangabad,Local,Cereals,11.3,2150,2151,2151,14-Mar-22
Madhya Pradesh,Hoshangabad,Hoshangabad,Local,Cereals,11.4,1600,1650,1650,20-Aug-16
Madhya Pradesh,Hoshangabad,Hoshangabad,Local,Cereals,11.5,1450,1450,1450,18-May-15
Madhya Pradesh,Hoshangabad,Hoshangabad,Local,Cereals,12,1301,1310,1310,09-Oct-15
Madhya Pradesh,Hoshangabad,Hoshangabad,Local,Cereals,12,1650,1675,1660,21-Feb-18
Madhya Pradesh,Hoshangabad,Hoshangabad,Local,Cereals,12,2060,2070,2060,27-Apr-23
Madhya Pradesh,Hoshangabad,Hoshangabad,Local,Cereals,12,2300,2401,2380,09-Nov-23
Madhya Pradesh,Hoshangabad,Hoshangabad,Local,Cereals,12.3,2285,2285,2285,24-Mar-24
Madhya Pradesh,Hoshangabad,Hoshangabad,Local,Cereals,12.5,1550,1570,1560,10-Jan-18
Madhya Pradesh,Hoshangabad,Hoshangabad,Local,Cereals,12.5,1637,1637,1637,04-Jul-17
Madhya Pradesh,Hoshangabad,Hoshangabad,Local,Cereals,12.7,1617,1621,1619,03-Aug-21
Madhya Pradesh,Hoshangabad,Hoshangabad,Local,Cereals,12.75,1975,1975,1975,08-May-21
Madhya Pradesh,Hoshangabad,Hoshangabad,Local,Cereals,13,1623,1629,1626,09-Aug-21
Madhya Pradesh,Hoshangabad,Hoshangabad,Local,Cereals,14,1300,1315,1305,30-Sep-15
Madhya Pradesh,Hoshangabad,Hoshangabad,Local,Cereals,14,1627,1630,1628,31-Mar-17
Madhya Pradesh,Hoshangabad,Hoshangabad,Local,Cereals,14,1950,1980,1975,14-Oct-19
Madhya Pradesh,Hoshangabad,Hoshangabad,Local,Cereals,14.5,179,180.5,180,20-Aug-18
Madhya Pradesh,Hoshangabad,Hoshangabad,Local,Cereals,14.5,1370,1450,1400,14-Sep-15
Madhya Pradesh,Hoshangabad,Hoshangabad,Local,Cereals,14.5,2128,2130,2128,24-May-23
Madhya Pradesh,Hoshangabad,Hoshangabad,Local,Cereals,15,142.5,143.5,143,31-Dec-14
Madhya Pradesh,Hoshangabad,Hoshangabad,Local,Cereals,15,170,176,172,01-Sep-18
Madhya Pradesh,Hoshangabad,Hoshangabad,Local,Cereals,15,180,182,181,16-Oct-18
Madhya Pradesh,Hoshangabad,Hoshangabad,Local,Cereals,15,1410,1410,1410,06-Sep-14
Madhya Pradesh,Hoshangabad,Hoshangabad,Local,Cereals,15,1410,1410,1410,09-Sep-14
Madhya Pradesh,Hoshangabad,Hoshangabad,Local,Cereals,15,1460,1470,1470,27-Oct-15
Madhya Pradesh,Hoshangabad,Hoshangabad,Local,Cereals,15,1530,1535,1530,16-May-16
Madhya Pradesh,Hoshangabad,Hoshangabad,Local,Cereals,15,1530,1550,1540,27-Sep-17
Madhya Pradesh,Hoshangabad,Hoshangabad,Local,Cereals,15,1575,1585,1585,02-Jul-16
Madhya Pradesh,Hoshangabad,Hoshangabad,Local,Cereals,15,1602,1654,1654,30-Jul-21
Madhya Pradesh,Hoshangabad,Hoshangabad,Local,Cereals,15,1631,1633,1633,27-Mar-17
Madhya Pradesh,Hoshangabad,Hoshangabad,Local,Cereals,15,1632,1640,1635,22-Mar-17
Madhya Pradesh,Hoshangabad,Hoshangabad,Local,Cereals,15,1805,1805,1805,27-Dec-18
Madhya Pradesh,Hoshangabad,Hoshangabad,Local,Cereals,15,1805,1815,1810,18-Jun-19
Madhya Pradesh,Hoshangabad,Hoshangabad,Local,Cereals,15,1810,1825,1820,18-Oct-18
Madhya Pradesh,Hoshangabad,Hoshangabad,Local,Cereals,15,1842,1855,1850,22-Jun-22
Madhya Pradesh,Hoshangabad,Hoshangabad,Local,Cereals,15,2105,2110,2110,09-Mar-22
Madhya Pradesh,Hoshangabad,Hoshangabad,Local,Cereals,15,2350,2400,2351,25-Oct-23
Madhya Pradesh,Hoshangabad,Hoshangabad,Local,Cereals,15,2440,2450,2450,07-Dec-22
Madhya Pradesh,Hoshangabad,Hoshangabad,Local,Cereals,15.1,1510,1570,1565,01-Sep-17
Madhya Pradesh,Hoshangabad,Hoshangabad,Local,Cereals,15.5,140.1,140.5,140.5,29-Aug-14
Madhya Pradesh,Hoshangabad,Hoshangabad,Local,Cereals,15.5,1575,1600,1600,02-Jun-16
Madhya Pradesh,Hoshangabad,Hoshangabad,Local,Cereals,15.5,1626,1629,1628,18-Jul-17
Madhya Pradesh,Hoshangabad,Hoshangabad,Local,Cereals,15.5,1825,1851,1830,20-Jan-22
Madhya Pradesh,Hoshangabad,Hoshangabad,Local,Cereals,15.5,2040,2051,2051,19-Sep-22
Madhya Pradesh,Hoshangabad,Hoshangabad,Local,Cereals,16,1420,1450,1440,11-Mar-16
Madhya Pradesh,Hoshangabad,Hoshangabad,Local,Cereals,16,1425,1430,1427,16-Dec-14
Madhya Pradesh,Hoshangabad,Hoshangabad,Local,Cereals,16,1440,1440,1440,23-Sep-14
Madhya Pradesh,Hoshangabad,Hoshangabad,Local,Cereals,16,1450,1450,1450,27-Jun-15
Madhya Pradesh,Hoshangabad,Hoshangabad,Local,Cereals,16,1530,1535,1533,20-May-16
Madhya Pradesh,Hoshangabad,Hoshangabad,Local,Cereals,16,1628,1640,1630,18-Mar-17
Madhya Pradesh,Hoshangabad,Hoshangabad,Local,Cereals,16,1650,1701,1675,15-Nov-16
Madhya Pradesh,Hoshangabad,Hoshangabad,Local,Cereals,16,2075,2127,2080,21-Apr-23
Madhya Pradesh,Hoshangabad,Hoshangabad,Local,Cereals,16.5,1390,1400,1400,11-Oct-14
Madhya Pradesh,Hoshangabad,Hoshangabad,Local,Cereals,16.5,1420,1430,1425,10-Nov-14
Madhya Pradesh,Hoshangabad,Hoshangabad,Local,Cereals,16.5,1421,1425,1425,25-Oct-14
Madhya Pradesh,Hoshangabad,Hoshangabad,Local,Cereals,16.5,1425,1430,1425,28-Oct-14
Madhya Pradesh,Hoshangabad,Hoshangabad,Local,Cereals,16.5,1598,1701,1630,08-Nov-16
Madhya Pradesh,Hoshangabad,Hoshangabad,Local,Cereals,16.7,1630,1640,1635,24-Mar-17
Madhya Pradesh,Hoshangabad,Hoshangabad,Local,Cereals,17,1375,1385,1380,09-Oct-14
Madhya Pradesh,Hoshangabad,Hoshangabad,Local,Cereals,17,1401,1421,1411,21-Sep-15
Madhya Pradesh,Hoshangabad,Hoshangabad,Local,Cereals,17,1415,1415,1415,13-Sep-14
Madhya Pradesh,Hoshangabad,Hoshangabad,Local,Cereals,17,1420,1425,1425,26-Sep-15
Madhya Pradesh,Hoshangabad,Hoshangabad,Local,Cereals,17,1425,1435,1430,27-Sep-14
Madhya Pradesh,Hoshangabad,Hoshangabad,Local,Cereals,17,1435,1435,1435,25-Sep-14
Madhya Pradesh,Hoshangabad,Hoshangabad,Local,Cereals,17,1800,1801,1800,02-Nov-16
Madhya Pradesh,Hoshangabad,Hoshangabad,Local,Cereals,17,2100,2100,2100,30-May-23
Madhya Pradesh,Hoshangabad,Hoshangabad,Local,Cereals,17.4,1761,1761,1761,27-Jun-19
Madhya Pradesh,Hoshangabad,Hoshangabad,Local,Cereals,18,1600,1601,1600,01-Jun-16
Madhya Pradesh,Hoshangabad,Hoshangabad,Local,Cereals,18,1625,1630,1625,27-Sep-16
Madhya Pradesh,Hoshangabad,Hoshangabad,Local,Cereals,18,1650,1655,1650,09-Mar-18
Madhya Pradesh,Hoshangabad,Hoshangabad,Local,Cereals,18,1840,1850,1845,11-Jun-19
Madhya Pradesh,Hoshangabad,Hoshangabad,Local,Cereals,18,1875,1900,1900,08-Jun-22
Madhya Pradesh,Hoshangabad,Hoshangabad,Local,Cereals,18.35,1975,1975,1975,21-May-21
Madhya Pradesh,Hoshangabad,Hoshangabad,Local,Cereals,18.5,2180,2180,2180,30-Jul-22
Madhya Pradesh,Hoshangabad,Hoshangabad,Local,Cereals,18.5,2221,2350,2331,04-Oct-23
Madhya Pradesh,Hoshangabad,Hoshangabad,Local,Cereals,19,1650,1710,1650,24-Mar-21
Madhya Pradesh,Hoshangabad,Hoshangabad,Local,Cereals,20,1300,1375,1375,15-Sep-15
Madhya Pradesh,Hoshangabad,Hoshangabad,Local,Cereals,20,1350,1370,1370,16-Sep-15
Madhya Pradesh,Hoshangabad,Hoshangabad,Local,Cereals,20,1425,1440,1430,19-Dec-14
Madhya Pradesh,Hoshangabad,Hoshangabad,Local,Cereals,20,1425,1445,1435,29-Feb-16
Madhya Pradesh,Hoshangabad,Hoshangabad,Local,Cereals,20,1500,1505,1505,15-Jan-15
Madhya Pradesh,Hoshangabad,Hoshangabad,Local,Cereals,20,1515,1530,1525,23-Oct-17
Madhya Pradesh,Hoshangabad,Hoshangabad,Local,Cereals,20,1525,1565,1550,20-Feb-18
Madhya Pradesh,Hoshangabad,Hoshangabad,Local,Cereals,20,1600,1615,1610,15-Sep-16
Madhya Pradesh,Hoshangabad,Hoshangabad,Local,Cereals,20,1601,1611,1605,11-Nov-16
Madhya Pradesh,Hoshangabad,Hoshangabad,Local,Cereals,20,1615,1640,1630,04-Feb-17
Madhya Pradesh,Hoshangabad,Hoshangabad,Local,Cereals,20,1620,1635,1630,24-Dec-16
Madhya Pradesh,Hoshangabad,Hoshangabad,Local,Cereals,20,1630,1630,1630,20-Mar-17
Madhya Pradesh,Hoshangabad,Hoshangabad,Local,Cereals,20,1630,1635,1630,24-May-17
Madhya Pradesh,Hoshangabad,Hoshangabad,Local,Cereals,20,1820,1830,1825,15-Mar-19
Madhya Pradesh,Hoshangabad,Hoshangabad,Local,Cereals,20,1825,1835,1830,21-Dec-18
Madhya Pradesh,Hoshangabad,Hoshangabad,Local,Cereals,20,1840,1850,1845,16-Mar-19
Madhya Pradesh,Hoshangabad,Hoshangabad,Local,Cereals,20,1950,1965,1950,09-Oct-19
Madhya Pradesh,Hoshangabad,Hoshangabad,Local,Cereals,20,1975,2015,2010,21-Mar-22
Madhya Pradesh,Hoshangabad,Hoshangabad,Local,Cereals,20,2150,2175,2175,16-Sep-22
Madhya Pradesh,Hoshangabad,Hoshangabad,Local,Cereals,20.1,1425,1570,1520,17-Oct-15
Madhya Pradesh,Hoshangabad,Hoshangabad,Local,Cereals,20.1,2400,2405,2400,11-May-24
Madhya Pradesh,Hoshangabad,Hoshangabad,Local,Cereals,20.5,1627,1630,1628,02-Aug-17
Madhya Pradesh,Hoshangabad,Hoshangabad,Local,Cereals,20.5,1850,1900,1880,02-Mar-22
Madhya Pradesh,Hoshangabad,Hoshangabad,Local,Cereals,20.8,175,183.5,181,26-Oct-18
Madhya Pradesh,Hoshangabad,Hoshangabad,Local,Cereals,20.8,1900,1920,1910,01-Feb-19
Madhya Pradesh,Hoshangabad,Hoshangabad,Local,Cereals,21,1450,1470,1460,15-Jan-16
Madhya Pradesh,Hoshangabad,Hoshangabad,Local,Cereals,21,1625,1625,1625,06-Sep-17
Madhya Pradesh,Hoshangabad,Hoshangabad,Local,Cereals,21,2135,2180,2140,07-Aug-23
Madhya Pradesh,Hoshangabad,Hoshangabad,Local,Cereals,21.1,1460,1470,1465,13-Feb-18
Madhya Pradesh,Hoshangabad,Hoshangabad,Local,Cereals,21.5,1740,1750,1740,04-May-19
Madhya Pradesh,Hoshangabad,Hoshangabad,Local,Cereals,22.5,1841,1841,1841,23-May-19
Madhya Pradesh,Hoshangabad,Hoshangabad,Local,Cereals,23,1301,1460,1460,13-Oct-15
Madhya Pradesh,Hoshangabad,Hoshangabad,Local,Cereals,23,1600,1610,1605,06-Jun-16
Madhya Pradesh,Hoshangabad,Hoshangabad,Local,Cereals,23.5,1545,1551,1550,25-May-16
Madhya Pradesh,Hoshangabad,Hoshangabad,Local,Cereals,24,1400,1410,1401,14-Oct-14
Madhya Pradesh,Hoshangabad,Hoshangabad,Local,Cereals,24,1570,1580,1575,30-May-16
Madhya Pradesh,Hoshangabad,Hoshangabad,Local,Cereals,24,1800,1845,1825,18-Mar-19
Madhya Pradesh,Hoshangabad,Hoshangabad,Local,Cereals,24,2150,2175,2160,20-May-23
Madhya Pradesh,Hoshangabad,Hoshangabad,Local,Cereals,24.5,1410,1415,1410,20-Oct-14
Madhya Pradesh,Hoshangabad,Hoshangabad,Local,Cereals,24.5,1615,1625,1620,08-Oct-16
Madhya Pradesh,Hoshangabad,Hoshangabad,Local,Cereals,25,1650,1675,1670,09-Mar-21
Madhya Pradesh,Hoshangabad,Hoshangabad,Local,Cereals,25.1,2290,2380,2321,17-Oct-23
Madhya Pradesh,Hoshangabad,Hoshangabad,Local,Cereals,25.3,1610,1615,1611,10-Mar-21
Madhya Pradesh,Hoshangabad,Hoshangabad,Local,Cereals,25.5,1550,1560,1555,07-Jun-16
Madhya Pradesh,Hoshangabad,Hoshangabad,Local,Cereals,25.6,2390,2425,2402,20-Nov-23
Madhya Pradesh,Hoshangabad,Hoshangabad,Local,Cereals,26,1530,1540,1535,14-May-16
Madhya Pradesh,Hoshangabad,Hoshangabad,Local,Cereals,26,2130,2150,2140,18-Mar-23
Madhya Pradesh,Hoshangabad,Hoshangabad,Local,Cereals,26,2350,2411,2401,01-Dec-23
Madhya Pradesh,Hoshangabad,Hoshangabad,Local,Cereals,26.09,2405,2405,2405,16-Apr-24
Madhya Pradesh,Hoshangabad,Hoshangabad,Local,Cereals,27,1810,1830,1820,04-Dec-21
Madhya Pradesh,Hoshangabad,Hoshangabad,Local,Cereals,27,2150,2165,2160,24-Jun-23
Madhya Pradesh,Hoshangabad,Hoshangabad,Local,Cereals,27.36,1625,1625,1625,17-May-17
Madhya Pradesh,Hoshangabad,Hoshangabad,Local,Cereals,28,1625,1700,1630,20-Sep-16
Madhya Pradesh,Hoshangabad,Hoshangabad,Local,Cereals,28,2330,2411,2400,01-Nov-23
Madhya Pradesh,Hoshangabad,Hoshangabad,Local,Cereals,29,2020,2110,2108,15-May-23
Madhya Pradesh,Hoshangabad,Hoshangabad,Local,Cereals,30,1350,1350,1350,13-Oct-14
Madhya Pradesh,Hoshangabad,Hoshangabad,Local,Cereals,30,1450,1460,1450,09-Mar-16
Madhya Pradesh,Hoshangabad,Hoshangabad,Local,Cereals,30,1600,1600,1600,28-Jul-16
Madhya Pradesh,Hoshangabad,Hoshangabad,Local,Cereals,30,1605,1625,1625,07-Mar-17
Madhya Pradesh,Hoshangabad,Hoshangabad,Local,Cereals,30,1750,1800,1750,01-Sep-21
Madhya Pradesh,Hoshangabad,Hoshangabad,Local,Cereals,30,2031,2035,2035,19-Mar-22
Madhya Pradesh,Hoshangabad,Hoshangabad,Local,Cereals,30.5,1735,1735,1735,16-May-18
Madhya Pradesh,Hoshangabad,Hoshangabad,Local,Cereals,31.1,2015,2030,2026,11-Apr-23
Madhya Pradesh,Hoshangabad,Hoshangabad,Local,Cereals,31.7,1603,1609,1607,13-Jul-21
Madhya Pradesh,Hoshangabad,Hoshangabad,Local,Cereals,31.9,1735,1735,1735,15-May-18
Madhya Pradesh,Hoshangabad,Hoshangabad,Local,Cereals,32,1400,1405,1402,10-Mar-16
Madhya Pradesh,Hoshangabad,Hoshangabad,Local,Cereals,32,2010,2126,2020,17-May-23
Madhya Pradesh,Hoshangabad,Hoshangabad,Local,Cereals,32,2015,2131,2128,30-Apr-23
Madhya Pradesh,Hoshangabad,Hoshangabad,Local,Cereals,32.34,1601,1607,1605,19-Jul-21
Madhya Pradesh,Hoshangabad,Hoshangabad,Local,Cereals,32.5,1450,1450,1450,30-Mar-15
Madhya Pradesh,Hoshangabad,Hoshangabad,Local,Cereals,32.7,2285,2290,2290,28-Mar-24
Madhya Pradesh,Hoshangabad,Hoshangabad,Local,Cereals,33,1840,1850,1841,24-May-19
Madhya Pradesh,Hoshangabad,Hoshangabad,Local,Cereals,33,2021,2127,2126,28-Apr-23
Madhya Pradesh,Hoshangabad,Hoshangabad,Local,Cereals,33.4,1840,1853,1845,20-Nov-21
Madhya Pradesh,Hoshangabad,Hoshangabad,Local,Cereals,33.5,1615,1625,1618,18-Mar-21
Madhya Pradesh,Hoshangabad,Hoshangabad,Local,Cereals,34.5,1627,1635,1630,11-Aug-21
Madhya Pradesh,Hoshangabad,Hoshangabad,Local,Cereals,35,1527,1535,1531,13-May-16
Madhya Pradesh,Hoshangabad,Hoshangabad,Local,Cereals,35,1600,1620,1610,03-Feb-17
Madhya Pradesh,Hoshangabad,Hoshangabad,Local,Cereals,35.4,1515,1551,1530,26-Sep-17
Madhya Pradesh,Hoshangabad,Hoshangabad,Local,Cereals,35.6,2126,2130,2129,10-Apr-23
Madhya Pradesh,Hoshangabad,Hoshangabad,Local,Cereals,36,1525,1550,1535,08-Feb-18
Madhya Pradesh,Hoshangabad,Hoshangabad,Local,Cereals,36.5,1400,1430,1425,03-Nov-14
Madhya Pradesh,Hoshangabad,Hoshangabad,Local,Cereals,36.5,1631,1635,1633,30-Mar-17
Madhya Pradesh,Hoshangabad,Hoshangabad,Local,Cereals,36.5,2350,2410,2400,08-Dec-23
Madhya Pradesh,Hoshangabad,Hoshangabad,Local,Cereals,36.7,1975,1975,1975,20-May-21
Madhya Pradesh,Hoshangabad,Hoshangabad,Local,Cereals,37,1841,1841,1841,22-May-19
Madhya Pradesh,Hoshangabad,Hoshangabad,Local,Cereals,37,2018,2025,2020,19-May-22
Madhya Pradesh,Hoshangabad,Hoshangabad,Local,Cereals,37.8,2040,2060,2050,30-Sep-22
Madhya Pradesh,Hoshangabad,Hoshangabad,Local,Cereals,38,146,146.5,146.5,03-Jan-15
Madhya Pradesh,Hoshangabad,Hoshangabad,Local,Cereals,38,1450,1450,1450,11-May-15
Madhya Pradesh,Hoshangabad,Hoshangabad,Local,Cereals,38,1528,1535,1530,07-May-16
Madhya Pradesh,Hoshangabad,Hoshangabad,Local,Cereals,38,2050,2060,2060,01-May-23
Madhya Pradesh,Hoshangabad,Hoshangabad,Local,Cereals,38.2,1437,1451,1447,14-Dec-20
Madhya Pradesh,Hoshangabad,Hoshangabad,Local,Cereals,38.5,1647,1655,1651,26-Mar-21
Madhya Pradesh,Hoshangabad,Hoshangabad,Local,Cereals,39.23,2285,2285,2285,22-Mar-24
Madhya Pradesh,Hoshangabad,Hoshangabad,Local,Cereals,39.6,1853,1863,1857,28-Oct-21
Madhya Pradesh,Hoshangabad,Hoshangabad,Local,Cereals,40,1339,1755,1750,30-Jun-15
Madhya Pradesh,Hoshangabad,Hoshangabad,Local,Cereals,40,1525,1525,1525,07-Oct-17
Madhya Pradesh,Hoshangabad,Hoshangabad,Local,Cereals,40,1526,1530,1528,27-Apr-16
Madhya Pradesh,Hoshangabad,Hoshangabad,Local,Cereals,40,1526,1535,1529,11-May-16
Madhya Pradesh,Hoshangabad,Hoshangabad,Local,Cereals,40,1800,1825,1820,19-Jan-22
Madhya Pradesh,Hoshangabad,Hoshangabad,Local,Cereals,40,2125,2150,2140,18-Oct-22
Madhya Pradesh,Hoshangabad,Hoshangabad,Local,Cereals,40,2126,2130,2128,02-May-23
Madhya Pradesh,Hoshangabad,Hoshangabad,Local,Cereals,40,2400,2400,2400,20-Oct-23
Madhya Pradesh,Hoshangabad,Hoshangabad,Local,Cereals,40.2,1440,1457,1444,16-Dec-20
Madhya Pradesh,Hoshangabad,Hoshangabad,Local,Cereals,40.2,2100,2140,2130,17-Jun-23
Madhya Pradesh,Hoshangabad,Hoshangabad,Local,Cereals,40.7,1470,1500,1480,18-Jan-18
Madhya Pradesh,Hoshangabad,Hoshangabad,Local,Cereals,41.5,1609,1621,1615,06-Feb-21
Madhya Pradesh,Hoshangabad,Hoshangabad,Local,Cereals,42,1700,1840,1719,04-Apr-19
Madhya Pradesh,Hoshangabad,Hoshangabad,Local,Cereals,42,2130,2150,2140,14-Nov-22
Madhya Pradesh,Hoshangabad,Hoshangabad,Local,Cereals,42.5,1611,1623,1615,24-Aug-21
Madhya Pradesh,Hoshangabad,Hoshangabad,Local,Cereals,42.5,2000,2000,2000,11-Nov-19
Madhya Pradesh,Hoshangabad,Hoshangabad,Local,Cereals,43,1526,1535,1530,18-May-16
Madhya Pradesh,Hoshangabad,Hoshangabad,Local,Cereals,43.8,2020,2126,2023,20-Apr-23
Madhya Pradesh,Hoshangabad,Hoshangabad,Local,Cereals,44.5,2300,2400,2400,19-Oct-23
Madhya Pradesh,Hoshangabad,Hoshangabad,Local,Cereals,45,2100,2260,2255,15-Feb-23
Madhya Pradesh,Hoshangabad,Hoshangabad,Local,Cereals,46,1450,1450,1450,04-Apr-15
Madhya Pradesh,Hoshangabad,Hoshangabad,Local,Cereals,47.4,1829,1841,1835,18-Oct-21
Madhya Pradesh,Hoshangabad,Hoshangabad,Local,Cereals,48,2127,2160,2141,05-Apr-23
Madhya Pradesh,Hoshangabad,Hoshangabad,Local,Cereals,48.5,1728,1845,1845,20-Apr-19
Madhya Pradesh,Hoshangabad,Hoshangabad,Local,Cereals,49,1714,1840,1720,03-Apr-19
Madhya Pradesh,Hoshangabad,Hoshangabad,Local,Cereals,49.2,1550,1627,1600,02-Aug-21
Madhya Pradesh,Hoshangabad,Hoshangabad,Local,Cereals,49.4,1665,1683,1675,22-Jan-21
Madhya Pradesh,Hoshangabad,Hoshangabad,Local,Cereals,49.5,1443,1550,1550,15-Dec-20
Madhya Pradesh,Hoshangabad,Hoshangabad,Local,Cereals,49.5,1735,1750,1735,17-May-18
Madhya Pradesh,Hoshangabad,Hoshangabad,Local,Cereals,49.6,1443,1459,1450,19-Dec-20
Madhya Pradesh,Hoshangabad,Hoshangabad,Local,Cereals,50,1400,1401,1401,07-Nov-14
Madhya Pradesh,Hoshangabad,Hoshangabad,Local,Cereals,50,1420,1420,1420,17-Sep-14
Madhya Pradesh,Hoshangabad,Hoshangabad,Local,Cereals,50,1450,1450,1450,13-Apr-15
Madhya Pradesh,Hoshangabad,Hoshangabad,Local,Cereals,50,1575,1610,1585,16-Sep-16
Madhya Pradesh,Hoshangabad,Hoshangabad,Local,Cereals,50,1625,1655,1650,18-Feb-17
Madhya Pradesh,Hoshangabad,Hoshangabad,Local,Cereals,50,2050,2127,2127,18-Apr-23
Madhya Pradesh,Hoshangabad,Hoshangabad,Local,Cereals,50,2110,2150,2135,15-Oct-22
Madhya Pradesh,Hoshangabad,Hoshangabad,Local,Cereals,50,2115,2150,2135,17-Oct-22
Madhya Pradesh,Hoshangabad,Hoshangabad,Local,Cereals,50.16,1456,1465,1460,24-Dec-20
Madhya Pradesh,Hoshangabad,Hoshangabad,Local,Cereals,50.2,2055,2072,2065,28-Jun-23
Madhya Pradesh,Hoshangabad,Hoshangabad,Local,Cereals,50.5,1535,1560,1540,16-Jan-18
Madhya Pradesh,Hoshangabad,Hoshangabad,Local,Cereals,50.5,2017,2040,2030,23-May-22
Madhya Pradesh,Hoshangabad,Hoshangabad,Local,Cereals,50.76,1455,1469,1460,22-Dec-20
Madhya Pradesh,Hoshangabad,Hoshangabad,Local,Cereals,51,1540,1565,1553,12-Jan-18
Madhya Pradesh,Hoshangabad,Hoshangabad,Local,Cereals,52,1535,1560,1545,17-Jan-18
Madhya Pradesh,Hoshangabad,Hoshangabad,Local,Cereals,52.8,1810,1850,1840,17-May-19
Madhya Pradesh,Hoshangabad,Hoshangabad,Local,Cereals,52.8,2285,2290,2290,30-Mar-24
Madhya Pradesh,Hoshangabad,Hoshangabad,Local,Cereals,53.33,2400,2400,2350,16-May-24
Madhya Pradesh,Hoshangabad,Hoshangabad,Local,Cereals,54,2060,2175,2165,23-Feb-23
Madhya Pradesh,Hoshangabad,Hoshangabad,Local,Cereals,54.1,1668,1687,1675,03-Sep-21
Madhya Pradesh,Hoshangabad,Hoshangabad,Local,Cereals,54.5,1625,1625,1625,18-May-17
Madhya Pradesh,Hoshangabad,Hoshangabad,Local,Cereals,55,1575,1630,1600,08-Sep-16
Madhya Pradesh,Hoshangabad,Hoshangabad,Local,Cereals,55.89,1625,1625,1625,19-May-17
Madhya Pradesh,Hoshangabad,Hoshangabad,Local,Cereals,57,1510,1540,1535,30-Dec-17
Madhya Pradesh,Hoshangabad,Hoshangabad,Local,Cereals,57.1,1455,1550,1535,09-Feb-18
Madhya Pradesh,Hoshangabad,Hoshangabad,Local,Cereals,57.5,2130,2130,2130,26-Apr-23
Madhya Pradesh,Hoshangabad,Hoshangabad,Local,Cereals,57.8,1701,1713,1709,21-Jan-21
Madhya Pradesh,Hoshangabad,Hoshangabad,Local,Cereals,58,1820,1860,1840,16-May-19
Madhya Pradesh,Hoshangabad,Hoshangabad,Local,Cereals,59,2050,2100,2070,27-Jun-23
Madhya Pradesh,Hoshangabad,Hoshangabad,Local,Cereals,59.5,1450,1450,1450,07-May-15
Madhya Pradesh,Hoshangabad,Hoshangabad,Local,Cereals,60,1625,1625,1625,14-Apr-17
Madhya Pradesh,Hoshangabad,Hoshangabad,Local,Cereals,61,2060,2080,2070,25-Apr-23
Madhya Pradesh,Hoshangabad,Hoshangabad,Local,Cereals,61.61,1625,1625,1625,10-May-17
Madhya Pradesh,Hoshangabad,Hoshangabad,Local,Cereals,62,1450,1450,1450,03-Apr-15
Madhya Pradesh,Hoshangabad,Hoshangabad,Local,Cereals,62.5,2025,2180,2180,01-Aug-22
Madhya Pradesh,Hoshangabad,Hoshangabad,Local,Cereals,63.5,1450,1450,1450,16-May-15
Madhya Pradesh,Hoshangabad,Hoshangabad,Local,Cereals,64,2005,2150,2050,01-Aug-23
Madhya Pradesh,Hoshangabad,Hoshangabad,Local,Cereals,64,2005,2150,2050,31-Jul-23
Madhya Pradesh,Hoshangabad,Hoshangabad,Local,Cereals,65,1400,1410,1400,18-Oct-14
Madhya Pradesh,Hoshangabad,Hoshangabad,Local,Cereals,65,1625,1635,1625,13-May-17
Madhya Pradesh,Hoshangabad,Hoshangabad,Local,Cereals,67.4,1606,1623,1618,24-Feb-21
Madhya Pradesh,Hoshangabad,Hoshangabad,Local,Cereals,69,1450,1450,1450,31-Mar-15
Madhya Pradesh,Hoshangabad,Hoshangabad,Local,Cereals,70,2000,2130,2020,20-Mar-23
Madhya Pradesh,Hoshangabad,Hoshangabad,Local,Cereals,70,2150,2165,2160,27-Jul-23
Madhya Pradesh,Hoshangabad,Hoshangabad,Local,Cereals,70.8,1625,1625,1625,15-May-17
Madhya Pradesh,Hoshangabad,Hoshangabad,Local,Cereals,71,2010,2128,2080,17-Apr-23
Madhya Pradesh,Hoshangabad,Hoshangabad,Local,Cereals,74,1975,1985,1980,12-Apr-22
Madhya Pradesh,Hoshangabad,Hoshangabad,Local,Cereals,75,1825,1845,1841,21-May-19
Madhya Pradesh,Hoshangabad,Hoshangabad,Local,Cereals,76,2025,2127,2066,24-Apr-23
Madhya Pradesh,Hoshangabad,Hoshangabad,Local,Cereals,78.9,1625,1625,1625,16-May-17
Madhya Pradesh,Hoshangabad,Hoshangabad,Local,Cereals,81.5,1545,1580,1550,27-May-16
Madhya Pradesh,Hoshangabad,Hoshangabad,Local,Cereals,81.5,1990,2020,2016,07-Apr-22
Madhya Pradesh,Hoshangabad,Hoshangabad,Local,Cereals,85.5,1950,2020,1980,08-Apr-22
Madhya Pradesh,Hoshangabad,Hoshangabad,Local,Cereals,90,2015,2040,2020,28-Apr-22
Madhya Pradesh,Hoshangabad,Hoshangabad,Local,Cereals,93.5,2010,2040,2020,28-Jul-22
Madhya Pradesh,Hoshangabad,Hoshangabad,Local,Cereals,95,1400,1480,1450,30-Oct-15
Madhya Pradesh,Hoshangabad,Hoshangabad,Local,Cereals,95,2040,2080,2060,21-Feb-23
Madhya Pradesh,Hoshangabad,Hoshangabad,Local,Cereals,95.7,1735,1735,1735,14-May-18
Madhya Pradesh,Hoshangabad,Hoshangabad,Local,Cereals,99,2140,2160,2150,19-Jul-23
Madhya Pradesh,Hoshangabad,Hoshangabad,Local,Cereals,102.41,2380,2405,2380,01-May-24
Madhya Pradesh,Hoshangabad,Hoshangabad,Local,Cereals,105,1475,1560,1480,23-Jan-18
Madhya Pradesh,Hoshangabad,Hoshangabad,Local,Cereals,106.04,1625,1635,1625,12-May-17
Madhya Pradesh,Hoshangabad,Hoshangabad,Local,Cereals,111,1735,1745,1735,11-May-18
Madhya Pradesh,Hoshangabad,Hoshangabad,Local,Cereals,116.5,2020,2050,2030,10-May-22
Madhya Pradesh,Hoshangabad,Hoshangabad,Local,Cereals,117.5,1525,1540,1525,30-Apr-16
Madhya Pradesh,Hoshangabad,Hoshangabad,Local,Cereals,117.6,1830,1842,1840,14-May-19
Madhya Pradesh,Hoshangabad,Hoshangabad,Local,Cereals,120,1735,1750,1735,10-May-18
Madhya Pradesh,Hoshangabad,Hoshangabad,Local,Cereals,120.5,2126,2130,2129,04-Apr-23
Madhya Pradesh,Hoshangabad,Hoshangabad,Local,Cereals,120.9,1975,1975,1975,06-Apr-21
Madhya Pradesh,Hoshangabad,Hoshangabad,Local,Cereals,120.9,2000,2055,2040,27-Jul-22
Madhya Pradesh,Hoshangabad,Hoshangabad,Local,Cereals,122.2,1450,1450,1450,01-Apr-15
Madhya Pradesh,Hoshangabad,Hoshangabad,Local,Cereals,125.5,1525,1528,1525,29-Apr-16
Madhya Pradesh,Hoshangabad,Hoshangabad,Local,Cereals,125.5,2020,2040,2040,12-May-22
Madhya Pradesh,Hoshangabad,Hoshangabad,Local,Cereals,127.14,2285,2285,2290,06-Apr-24
Madhya Pradesh,Hoshangabad,Hoshangabad,Local,Cereals,127.6,2041,2062,2050,23-Mar-22
Madhya Pradesh,Hoshangabad,Hoshangabad,Local,Cereals,129,1735,1742,1735,09-May-18
Madhya Pradesh,Hoshangabad,Hoshangabad,Local,Cereals,129.6,2050,2130,2126,15-Apr-23
Madhya Pradesh,Hoshangabad,Hoshangabad,Local,Cereals,131.5,2235,2250,2245,25-Aug-22
Madhya Pradesh,Hoshangabad,Hoshangabad,Local,Cereals,134.4,2126,2135,2128,31-Mar-23
Madhya Pradesh,Hoshangabad,Hoshangabad,Local,Cereals,137,2020,2040,2025,09-May-22
Madhya Pradesh,Hoshangabad,Hoshangabad,Local,Cereals,138.1,2020,2129,2127,12-Apr-23
Madhya Pradesh,Hoshangabad,Hoshangabad,Local,Cereals,139.48,1625,1625,1625,09-May-17
Madhya Pradesh,Hoshangabad,Hoshangabad,Local,Cereals,140,1840,1860,1840,15-May-19
Madhya Pradesh,Hoshangabad,Hoshangabad,Local,Cereals,140.95,2290,2290,2281,03-Apr-24
Madhya Pradesh,Hoshangabad,Hoshangabad,Local,Cereals,141.1,2025,2130,2128,13-Apr-23
Madhya Pradesh,Hoshangabad,Hoshangabad,Local,Cereals,142.9,1441,1463,1451,18-Dec-20
Madhya Pradesh,Hoshangabad,Hoshangabad,Local,Cereals,146.5,2055,2080,2065,22-Feb-23
Madhya Pradesh,Hoshangabad,Hoshangabad,Local,Cereals,147,1625,1625,1625,02-Apr-17
Madhya Pradesh,Hoshangabad,Hoshangabad,Local,Cereals,148,2020,2035,2030,05-May-22
Madhya Pradesh,Hoshangabad,Hoshangabad,Local,Cereals,149,1735,1735,1735,08-May-18
Madhya Pradesh,Hoshangabad,Hoshangabad,Local,Cereals,149.5,1975,1975,1975,19-May-21
Madhya Pradesh,Hoshangabad,Hoshangabad,Local,Cereals,153.5,2017,2031,2028,29-Mar-22
Madhya Pradesh,Hoshangabad,Hoshangabad,Local,Cereals,154,1525,1540,1525,26-Apr-16
Madhya Pradesh,Hoshangabad,Hoshangabad,Local,Cereals,168.5,1450,1450,1450,06-May-15
Madhya Pradesh,Hoshangabad,Hoshangabad,Local,Cereals,171.1,1840,1845,1840,20-May-19
Madhya Pradesh,Hoshangabad,Hoshangabad,Local,Cereals,171.65,1975,1975,1975,21-Apr-21
Madhya Pradesh,Hoshangabad,Hoshangabad,Local,Cereals,172.79,2405,2405,2300,08-Apr-24
Madhya Pradesh,Hoshangabad,Hoshangabad,Local,Cereals,173.29,2290,2290,2285,01-Apr-24
Madhya Pradesh,Hoshangabad,Hoshangabad,Local,Cereals,174.5,2016,2040,2035,04-May-22
Madhya Pradesh,Hoshangabad,Hoshangabad,Local,Cereals,175.6,2005,2125,2050,28-Mar-23
Madhya Pradesh,Hoshangabad,Hoshangabad,Local,Cereals,175.75,2285,2300,2285,27-Mar-24
Madhya Pradesh,Hoshangabad,Hoshangabad,Local,Cereals,185,1625,1625,1625,06-May-17
Madhya Pradesh,Hoshangabad,Hoshangabad,Local,Cereals,188.55,1975,1975,1975,12-Apr-21
Madhya Pradesh,Hoshangabad,Hoshangabad,Local,Cereals,189.7,1970,2040,2020,11-Apr-22
Madhya Pradesh,Hoshangabad,Hoshangabad,Local,Cereals,189.9,1975,1975,1975,13-May-21
Madhya Pradesh,Hoshangabad,Hoshangabad,Local,Cereals,200.5,1700,1840,1720,05-Apr-19
Madhya Pradesh,Hoshangabad,Hoshangabad,Local,Cereals,200.7,2016,2025,2016,25-Apr-22
Madhya Pradesh,Hoshangabad,Hoshangabad,Local,Cereals,211,1975,1975,1975,12-May-21
Madhya Pradesh,Hoshangabad,Hoshangabad,Local,Cereals,214.45,1975,1975,1975,05-Apr-21
Madhya Pradesh,Hoshangabad,Hoshangabad,Local,Cereals,229,1525,1525,1525,24-Apr-16
Madhya Pradesh,Hoshangabad,Hoshangabad,Local,Cereals,229.5,2016,2026,2025,26-Apr-22
Madhya Pradesh,Hoshangabad,Hoshangabad,Local,Cereals,230,2041,2080,2060,28-Mar-22
Madhya Pradesh,Hoshangabad,Hoshangabad,Local,Cereals,230.5,1450,1450,1450,03-May-15
Madhya Pradesh,Hoshangabad,Hoshangabad,Local,Cereals,232.5,1735,1735,1735,21-Apr-18
Madhya Pradesh,Hoshangabad,Hoshangabad,Local,Cereals,234.23,1625,1625,1625,08-May-17
Madhya Pradesh,Hoshangabad,Hoshangabad,Local,Cereals,239,1450,1450,1450,05-May-15
Madhya Pradesh,Hoshangabad,Hoshangabad,Local,Cereals,243.4,1950,2018,2016,04-Apr-22
Madhya Pradesh,Hoshangabad,Hoshangabad,Local,Cereals,253.6,2016,2051,2040,02-May-22
Madhya Pradesh,Hoshangabad,Hoshangabad,Local,Cereals,256,2000,2040,2025,20-Apr-22
Madhya Pradesh,Hoshangabad,Hoshangabad,Local,Cereals,260,1840,1840,1840,07-May-19
Madhya Pradesh,Hoshangabad,Hoshangabad,Local,Cereals,261,1450,1450,1450,08-May-15
Madhya Pradesh,Hoshangabad,Hoshangabad,Local,Cereals,263,1945,2020,1965,05-Apr-22
Madhya Pradesh,Hoshangabad,Hoshangabad,Local,Cereals,270.5,1450,1450,1450,06-Apr-15
Madhya Pradesh,Hoshangabad,Hoshangabad,Local,Cereals,275.2,1710,1840,1840,13-May-19
Madhya Pradesh,Hoshangabad,Hoshangabad,Local,Cereals,278,1525,1540,1525,22-Apr-16
Madhya Pradesh,Hoshangabad,Hoshangabad,Local,Cereals,279.65,1975,1975,1975,09-Apr-21
Madhya Pradesh,Hoshangabad,Hoshangabad,Local,Cereals,280,1975,2040,2025,21-Apr-22
Madhya Pradesh,Hoshangabad,Hoshangabad,Local,Cereals,280,2016,2040,2025,22-Apr-22
Madhya Pradesh,Hoshangabad,Hoshangabad,Local,Cereals,281.5,1450,1450,1450,13-May-15
Madhya Pradesh,Hoshangabad,Hoshangabad,Local,Cereals,283,1735,1735,1735,07-May-18
Madhya Pradesh,Hoshangabad,Hoshangabad,Local,Cereals,301,1525,1525,1525,01-Apr-16
Madhya Pradesh,Hoshangabad,Hoshangabad,Local,Cereals,305,1625,1625,1625,02-May-17
Madhya Pradesh,Hoshangabad,Hoshangabad,Local,Cereals,310.5,1525,1530,1525,05-May-16
Madhya Pradesh,Hoshangabad,Hoshangabad,Local,Cereals,313,1975,1975,1975,18-May-21
Madhya Pradesh,Hoshangabad,Hoshangabad,Local,Cereals,313.5,2016,2035,2020,31-Mar-22
Madhya Pradesh,Hoshangabad,Hoshangabad,Local,Cereals,317.8,1450,1450,1450,15-May-15
Madhya Pradesh,Hoshangabad,Hoshangabad,Local,Cereals,321,1450,1450,1450,01-May-15
Madhya Pradesh,Hoshangabad,Hoshangabad,Local,Cereals,336,2016,2025,2018,18-Apr-22
Madhya Pradesh,Hoshangabad,Hoshangabad,Local,Cereals,339.5,1450,1450,1450,09-May-15
Madhya Pradesh,Hoshangabad,Hoshangabad,Local,Cereals,341.9,2016,2040,2025,27-Apr-22
Madhya Pradesh,Hoshangabad,Hoshangabad,Local,Cereals,367,1625,1640,1625,26-Apr-17
Madhya Pradesh,Hoshangabad,Hoshangabad,Local,Cereals,370.6,1525,1540,1525,25-Apr-16
Madhya Pradesh,Hoshangabad,Hoshangabad,Local,Cereals,378,1450,1450,1450,12-May-15
Madhya Pradesh,Hoshangabad,Hoshangabad,Local,Cereals,379.2,2025,2100,2060,25-Mar-22
Madhya Pradesh,Hoshangabad,Hoshangabad,Local,Cereals,384.6,2016,2040,2025,19-Apr-22
Madhya Pradesh,Hoshangabad,Hoshangabad,Local,Cereals,385.4,2015,2100,2020,30-Mar-22
Madhya Pradesh,Hoshangabad,Hoshangabad,Local,Cereals,389.1,1525,1600,1525,02-May-16
Madhya Pradesh,Hoshangabad,Hoshangabad,Local,Cereals,391,1735,1735,1735,04-May-18
Madhya Pradesh,Hoshangabad,Hoshangabad,Local,Cereals,392,1450,1450,1450,07-Apr-15
Madhya Pradesh,Hoshangabad,Hoshangabad,Local,Cereals,393.5,1740,1845,1840,10-May-19
Madhya Pradesh,Hoshangabad,Hoshangabad,Local,Cereals,395,1525,1540,1525,21-Apr-16
Madhya Pradesh,Hoshangabad,Hoshangabad,Local,Cereals,397.2,1525,1525,1525,02-Apr-16
Madhya Pradesh,Hoshangabad,Hoshangabad,Local,Cereals,399,1450,1450,1450,15-Apr-15
Madhya Pradesh,Hoshangabad,Hoshangabad,Local,Cereals,425.6,1800,1845,1840,08-May-19
Madhya Pradesh,Hoshangabad,Hoshangabad,Local,Cereals,426.5,1450,1450,1450,24-Apr-15
Madhya Pradesh,Hoshangabad,Hoshangabad,Local,Cereals,426.5,1625,1625,1625,01-Apr-17
Madhya Pradesh,Hoshangabad,Hoshangabad,Local,Cereals,428.1,1750,1840,1840,09-May-19
Madhya Pradesh,Hoshangabad,Hoshangabad,Local,Cereals,449.95,1975,1975,1975,17-May-21
Madhya Pradesh,Hoshangabad,Hoshangabad,Local,Cereals,476.3,1975,1975,1975,08-Apr-21
Madhya Pradesh,Hoshangabad,Hoshangabad,Local,Cereals,478.5,1735,1735,1735,07-Apr-18
Madhya Pradesh,Hoshangabad,Hoshangabad,Local,Cereals,492.45,1975,1975,1975,07-Apr-21
Madhya Pradesh,Hoshangabad,Hoshangabad,Local,Cereals,500,1950,2025,2018,16-Apr-22
Madhya Pradesh,Hoshangabad,Hoshangabad,Local,Cereals,503,1450,1450,1450,04-May-15
Madhya Pradesh,Hoshangabad,Hoshangabad,Local,Cereals,522.5,1450,1450,1450,30-Apr-15
Madhya Pradesh,Hoshangabad,Hoshangabad,Local,Cereals,531,1525,1542,1525,23-Apr-16
Madhya Pradesh,Hoshangabad,Hoshangabad,Local,Cereals,546.6,1450,1450,1450,19-Apr-15
Madhya Pradesh,Hoshangabad,Hoshangabad,Local,Cereals,549,1625,1640,1625,25-Apr-17
Madhya Pradesh,Hoshangabad,Hoshangabad,Local,Cereals,588,1735,1735,1735,01-May-18
Madhya Pradesh,Hoshangabad,Hoshangabad,Local,Cereals,594.85,1975,1975,1975,07-May-21
Madhya Pradesh,Hoshangabad,Hoshangabad,Local,Cereals,598.3,1975,1975,1975,05-May-21
Madhya Pradesh,Hoshangabad,Hoshangabad,Local,Cereals,633.98,1975,1975,1975,06-May-21
Madhya Pradesh,Hoshangabad,Hoshangabad,Local,Cereals,654.5,1735,1735,1735,03-May-18
Madhya Pradesh,Hoshangabad,Hoshangabad,Local,Cereals,654.9,1525,1525,1525,08-Apr-16
Madhya Pradesh,Hoshangabad,Hoshangabad,Local,Cereals,659,1625,1625,1625,05-May-17
Madhya Pradesh,Hoshangabad,Hoshangabad,Local,Cereals,659.1,1735,1735,1735,02-May-18
Madhya Pradesh,Hoshangabad,Hoshangabad,Local,Cereals,664.1,1450,1450,1450,08-Apr-15
Madhya Pradesh,Hoshangabad,Hoshangabad,Local,Cereals,666.5,1450,1450,1450,28-Apr-15
Madhya Pradesh,Hoshangabad,Hoshangabad,Local,Cereals,667.1,1975,1975,1975,13-Apr-21
Madhya Pradesh,Hoshangabad,Hoshangabad,Local,Cereals,675.1,1975,1975,1975,14-Apr-21
Madhya Pradesh,Hoshangabad,Hoshangabad,Local,Cereals,682.5,1975,1975,1975,10-May-21
Madhya Pradesh,Hoshangabad,Hoshangabad,Local,Cereals,697,1735,1848,1840,26-Apr-19
Madhya Pradesh,Hoshangabad,Hoshangabad,Local,Cereals,706,1450,1450,1450,29-Apr-15
Madhya Pradesh,Hoshangabad,Hoshangabad,Local,Cereals,715,1450,1450,1450,23-Apr-15
Madhya Pradesh,Hoshangabad,Hoshangabad,Local,Cereals,726.4,1975,1975,1975,15-Apr-21
Madhya Pradesh,Hoshangabad,Hoshangabad,Local,Cereals,727,1625,1625,1625,15-Apr-17
Madhya Pradesh,Hoshangabad,Hoshangabad,Local,Cereals,728.5,1525,1540,1528,20-Apr-16
Madhya Pradesh,Hoshangabad,Hoshangabad,Local,Cereals,729.4,1975,1975,1975,27-Apr-21
Madhya Pradesh,Hoshangabad,Hoshangabad,Local,Cereals,736.5,1525,1525,1525,19-Apr-16
Madhya Pradesh,Hoshangabad,Hoshangabad,Local,Cereals,740.5,1450,1450,1450,26-Apr-15
Madhya Pradesh,Hoshangabad,Hoshangabad,Local,Cereals,769.55,1975,1975,1975,16-Apr-21
Madhya Pradesh,Hoshangabad,Hoshangabad,Local,Cereals,773.4,1735,1735,1735,26-Apr-18
Madhya Pradesh,Hoshangabad,Hoshangabad,Local,Cereals,778.1,1525,1525,1525,05-Apr-16
Madhya Pradesh,Hoshangabad,Hoshangabad,Local,Cereals,781.75,1975,1975,1975,11-May-21
Madhya Pradesh,Hoshangabad,Hoshangabad,Local,Cereals,784.45,1975,1975,1975,04-May-21
Madhya Pradesh,Hoshangabad,Hoshangabad,Local,Cereals,789,1450,1450,1450,22-Apr-15
Madhya Pradesh,Hoshangabad,Hoshangabad,Local,Cereals,799,1525,1525,1525,15-Apr-16
Madhya Pradesh,Hoshangabad,Hoshangabad,Local,Cereals,810.5,1450,1450,1450,09-Apr-15
Madhya Pradesh,Hoshangabad,Hoshangabad,Local,Cereals,817.5,1450,1450,1450,12-Apr-15
Madhya Pradesh,Hoshangabad,Hoshangabad,Local,Cereals,818,1450,1450,1450,25-Apr-15
Madhya Pradesh,Hoshangabad,Hoshangabad,Local,Cereals,820.5,1525,1525,1525,16-Apr-16
Madhya Pradesh,Hoshangabad,Hoshangabad,Local,Cereals,828,1740,1845,1840,03-May-19
Madhya Pradesh,Hoshangabad,Hoshangabad,Local,Cereals,845,1450,1450,1450,02-May-15
Madhya Pradesh,Hoshangabad,Hoshangabad,Local,Cereals,845.54,1625,1635,1625,03-May-17
Madhya Pradesh,Hoshangabad,Hoshangabad,Local,Cereals,846.5,1730,1840,1840,25-Apr-19
Madhya Pradesh,Hoshangabad,Hoshangabad,Local,Cereals,854.5,1700,1840,1840,08-Apr-19
Madhya Pradesh,Hoshangabad,Hoshangabad,Local,Cereals,879,1735,1735,1735,25-Apr-18
Madhya Pradesh,Hoshangabad,Hoshangabad,Local,Cereals,903.8,1725,1840,1840,24-Apr-19
Madhya Pradesh,Hoshangabad,Hoshangabad,Local,Cereals,915,1625,1635,1625,11-Apr-17
Madhya Pradesh,Hoshangabad,Hoshangabad,Local,Cereals,919,1735,1735,1735,17-Apr-18
Madhya Pradesh,Hoshangabad,Hoshangabad,Local,Cereals,923,1525,1525,1525,18-Apr-16
Madhya Pradesh,Hoshangabad,Hoshangabad,Local,Cereals,942.5,1450,1450,1450,20-Apr-15
Madhya Pradesh,Hoshangabad,Hoshangabad,Local,Cereals,945,1625,1632,1625,17-Apr-17
Madhya Pradesh,Hoshangabad,Hoshangabad,Local,Cereals,950.9,1625,1625,1625,04-May-17
Madhya Pradesh,Hoshangabad,Hoshangabad,Local,Cereals,959.5,1625,1635,1625,19-Apr-17
Madhya Pradesh,Hoshangabad,Hoshangabad,Local,Cereals,961.8,1700,1840,1840,18-Apr-19
Madhya Pradesh,Hoshangabad,Hoshangabad,Local,Cereals,969,1625,1635,1625,12-Apr-17
Madhya Pradesh,Hoshangabad,Hoshangabad,Local,Cereals,970.8,1720,1840,1840,11-Apr-19
Madhya Pradesh,Hoshangabad,Hoshangabad,Local,Cereals,989.5,1735,1735,1735,02-Apr-18
Madhya Pradesh,Hoshangabad,Hoshangabad,Local,Cereals,"1,007.90",1450,1450,1450,27-Apr-15
Madhya Pradesh,Hoshangabad,Hoshangabad,Local,Cereals,"1,013.70",1720,1840,1840,10-Apr-19
Madhya Pradesh,Hoshangabad,Hoshangabad,Local,Cereals,"1,032.00",1740,1842,1840,30-Apr-19
Madhya Pradesh,Hoshangabad,Hoshangabad,Local,Cereals,"1,037.00",1625,1625,1625,07-Apr-17
Madhya Pradesh,Hoshangabad,Hoshangabad,Local,Cereals,"1,039.90",1450,1450,1450,21-Apr-15
Madhya Pradesh,Hoshangabad,Hoshangabad,Local,Cereals,"1,042.00",1735,1735,1735,27-Apr-18
Madhya Pradesh,Hoshangabad,Hoshangabad,Local,Cereals,"1,047.50",1735,1735,1735,11-Apr-18
Madhya Pradesh,Hoshangabad,Hoshangabad,Local,Cereals,"1,050.95",1975,1975,1975,28-Apr-21
Madhya Pradesh,Hoshangabad,Hoshangabad,Local,Cereals,"1,069.50",1625,1625,1625,21-Apr-17
Madhya Pradesh,Hoshangabad,Hoshangabad,Local,Cereals,"1,086.50",1735,1735,1735,06-Apr-18
Madhya Pradesh,Hoshangabad,Hoshangabad,Local,Cereals,"1,088.70",1740,1842,1840,01-May-19
Madhya Pradesh,Hoshangabad,Hoshangabad,Local,Cereals,"1,100.00",1450,1450,1450,17-Apr-15
Madhya Pradesh,Hoshangabad,Hoshangabad,Local,Cereals,"1,104.50",1735,1735,1735,19-Apr-18
Madhya Pradesh,Hoshangabad,Hoshangabad,Local,Cereals,"1,109.20",1450,1450,1450,11-Apr-15
Madhya Pradesh,Hoshangabad,Hoshangabad,Local,Cereals,"1,127.20",1975,1975,1975,03-May-21
Madhya Pradesh,Hoshangabad,Hoshangabad,Local,Cereals,"1,129.50",1525,1525,1525,14-Apr-16
Madhya Pradesh,Hoshangabad,Hoshangabad,Local,Cereals,"1,137.40",1525,1525,1525,04-Apr-16
Madhya Pradesh,Hoshangabad,Hoshangabad,Local,Cereals,"1,147.50",1735,1735,1735,20-Apr-18
Madhya Pradesh,Hoshangabad,Hoshangabad,Local,Cereals,"1,177.00",1625,1625,1625,01-May-17
Madhya Pradesh,Hoshangabad,Hoshangabad,Local,Cereals,"1,186.50",1975,1975,1975,29-Apr-21
Madhya Pradesh,Hoshangabad,Hoshangabad,Local,Cereals,"1,189.50",1735,1735,1735,16-Apr-18
Madhya Pradesh,Hoshangabad,Hoshangabad,Local,Cereals,"1,190.50",1525,1525,1525,06-Apr-16
Madhya Pradesh,Hoshangabad,Hoshangabad,Local,Cereals,"1,204.10",1975,1975,1975,26-Apr-21
Madhya Pradesh,Hoshangabad,Hoshangabad,Local,Cereals,"1,206.00",1735,1735,1735,23-Apr-18
Madhya Pradesh,Hoshangabad,Hoshangabad,Local,Cereals,"1,207.00",1625,1635,1625,20-Apr-17
Madhya Pradesh,Hoshangabad,Hoshangabad,Local,Cereals,"1,216.90",1450,1450,1450,16-Apr-15
Madhya Pradesh,Hoshangabad,Hoshangabad,Local,Cereals,"1,241.50",1625,1625,1625,18-Apr-17
Madhya Pradesh,Hoshangabad,Hoshangabad,Local,Cereals,"1,249.90",1721,1840,1840,09-Apr-19
Madhya Pradesh,Hoshangabad,Hoshangabad,Local,Cereals,"1,251.80",1625,1635,1625,10-Apr-17
Madhya Pradesh,Hoshangabad,Hoshangabad,Local,Cereals,"1,281.50",1450,1450,1450,10-Apr-15
Madhya Pradesh,Hoshangabad,Hoshangabad,Local,Cereals,"1,297.45",1975,1975,1975,20-Apr-21
Madhya Pradesh,Hoshangabad,Hoshangabad,Local,Cereals,"1,316.00",1525,1525,1525,07-Apr-16
Madhya Pradesh,Hoshangabad,Hoshangabad,Local,Cereals,"1,328.50",1735,1735,1735,10-Apr-18
Madhya Pradesh,Hoshangabad,Hoshangabad,Local,Cereals,"1,334.20",1700,1840,1840,12-Apr-19
Madhya Pradesh,Hoshangabad,Hoshangabad,Local,Cereals,"1,354.70",1500,1840,1840,23-Apr-19
Madhya Pradesh,Hoshangabad,Hoshangabad,Local,Cereals,"1,361.00",1735,1735,1735,05-Apr-18
Madhya Pradesh,Hoshangabad,Hoshangabad,Local,Cereals,"1,378.00",1625,1625,1625,08-Apr-17
Madhya Pradesh,Hoshangabad,Hoshangabad,Local,Cereals,"1,403.90",1975,1975,1975,23-Apr-21
Madhya Pradesh,Hoshangabad,Hoshangabad,Local,Cereals,"1,419.30",1735,1735,1735,03-Apr-18
Madhya Pradesh,Hoshangabad,Hoshangabad,Local,Cereals,"1,444.10",1450,1450,1450,18-Apr-15
Madhya Pradesh,Hoshangabad,Hoshangabad,Local,Cereals,"1,460.50",1735,1735,1735,13-Apr-18
Madhya Pradesh,Hoshangabad,Hoshangabad,Local,Cereals,"1,471.70",1730,1840,1840,29-Apr-19
Madhya Pradesh,Hoshangabad,Hoshangabad,Local,Cereals,"1,545.40",1710,1840,1840,16-Apr-19
Madhya Pradesh,Hoshangabad,Hoshangabad,Local,Cereals,"1,546.40",1735,1735,1735,14-Apr-18
Madhya Pradesh,Hoshangabad,Hoshangabad,Local,Cereals,"1,548.50",1525,1538,1525,11-Apr-16
Madhya Pradesh,Hoshangabad,Hoshangabad,Local,Cereals,"1,633.50",1625,1635,1625,06-Apr-17
Madhya Pradesh,Hoshangabad,Hoshangabad,Local,Cereals,"1,646.50",1710,1840,1840,22-Apr-19
Madhya Pradesh,Hoshangabad,Hoshangabad,Local,Cereals,"1,659.20",1720,1840,1840,15-Apr-19
Madhya Pradesh,Hoshangabad,Hoshangabad,Local,Cereals,"1,724.50",1735,1735,1735,04-Apr-18
Madhya Pradesh,Hoshangabad,Hoshangabad,Local,Cereals,"1,750.30",1975,1975,1975,22-Apr-21
Madhya Pradesh,Hoshangabad,Hoshangabad,Local,Cereals,"1,859.70",1735,1735,1735,09-Apr-18
Madhya Pradesh,Hoshangabad,Hoshangabad,Local,Cereals,"2,024.40",1625,1625,1625,04-Apr-17
Madhya Pradesh,Hoshangabad,Hoshangabad,Local,Cereals,"2,242.00",1735,1735,1735,12-Apr-18
Madhya Pradesh,Hoshangabad,Hoshangabad,Local,Cereals,"2,270.50",1625,1625,1625,13-Apr-17
Madhya Pradesh,Hoshangabad,Hoshangabad,Local,Cereals,"4,187.90",1975,1975,1975,19-Apr-21
Madhya Pradesh,Hoshangabad,Hoshangabad,Lokwan,Cereals,2.9,1700,1700,1700,16-Jan-17
Madhya Pradesh,Hoshangabad,Hoshangabad,Lokwan,Cereals,3,1705,1705,1705,30-Dec-16
Madhya Pradesh,Hoshangabad,Hoshangabad,Lokwan,Cereals,3,1725,1725,1725,06-Dec-16
Madhya Pradesh,Hoshangabad,Hoshangabad,Lokwan,Cereals,3,1800,1800,1800,30-Nov-16
Madhya Pradesh,Hoshangabad,Hoshangabad,Lokwan,Cereals,4,182.5,182.5,182.5,28-Aug-14
Madhya Pradesh,Hoshangabad,Hoshangabad,Lokwan,Cereals,5,1700,1700,1700,20-Dec-16
Madhya Pradesh,Hoshangabad,Hoshangabad,Lokwan,Cereals,5,1710,1730,1720,26-Dec-16
Madhya Pradesh,Hoshangabad,Hoshangabad,Lokwan,Cereals,5,1780,1780,1780,02-Dec-16
Madhya Pradesh,Hoshangabad,Hoshangabad,Lokwan,Cereals,5.5,1810,1810,1810,18-Jun-14
Madhya Pradesh,Hoshangabad,Hoshangabad,Lokwan,Cereals,6.5,1650,1650,1650,08-Mar-17
Madhya Pradesh,Hoshangabad,Hoshangabad,Lokwan,Cereals,8,1970,1970,1970,13-Dec-16
Madhya Pradesh,Hoshangabad,Hoshangabad,Lokwan,Cereals,10,1720,1730,1725,23-Dec-16
Madhya Pradesh,Hoshangabad,Hoshangabad,Lokwan,Cereals,10,1720,1735,1725,06-Jan-17
Madhya Pradesh,Hoshangabad,Hoshangabad,Lokwan,Cereals,10,1725,1735,1730,04-Jan-17
Madhya Pradesh,Hoshangabad,Hoshangabad,Lokwan,Cereals,10,1790,1810,1800,28-Jun-14
Madhya Pradesh,Hoshangabad,Hoshangabad,Lokwan,Cereals,10,1850,1850,1850,06-Jan-22
Madhya Pradesh,Hoshangabad,Hoshangabad,Lokwan,Cereals,11,1710,1760,1730,01-Dec-16
Madhya Pradesh,Hoshangabad,Hoshangabad,Lokwan,Cereals,11,1800,1801,1800,04-Jan-22
Madhya Pradesh,Hoshangabad,Hoshangabad,Lokwan,Cereals,12.9,1710,1740,1730,07-Jan-17
Madhya Pradesh,Hoshangabad,Hoshangabad,Lokwan,Cereals,13,1714,1740,1719,14-Dec-16
Madhya Pradesh,Hoshangabad,Hoshangabad,Lokwan,Cereals,15,1510,1520,1515,09-Dec-13
Madhya Pradesh,Hoshangabad,Hoshangabad,Lokwan,Cereals,15,1725,1740,1740,13-Feb-17
Madhya Pradesh,Hoshangabad,Hoshangabad,Lokwan,Cereals,15,1725,1750,1750,06-Feb-17
Madhya Pradesh,Hoshangabad,Hoshangabad,Lokwan,Cereals,16,1550,1550,1550,26-Mar-14
Madhya Pradesh,Hoshangabad,Hoshangabad,Lokwan,Cereals,27.4,1550,1550,1550,01-Jul-14
Madhya Pradesh,Hoshangabad,Hoshangabad,Lokwan,Cereals,28,2100,2130,2101,15-Jul-23
Madhya Pradesh,Hoshangabad,Hoshangabad,Lokwan,Cereals,38,1700,1800,1750,30-Jan-17
Madhya Pradesh,Hoshangabad,Hoshangabad,Lokwan,Cereals,39.23,2200,2200,2285,22-Mar-24
Madhya Pradesh,Hoshangabad,Hoshangabad,Lokwan,Cereals,41,1810,1825,1815,21-Jun-22
Madhya Pradesh,Hoshangabad,Hoshangabad,Lokwan,Cereals,113,2016,2020,2017,01-Apr-22
Madhya Pradesh,Hoshangabad,Hoshangabad,Lokwan,Cereals,205.5,2016,2050,2040,11-May-22
Madhya Pradesh,Hoshangabad,Hoshangabad,Mill Quality,Cereals,0.2,1400,1400,1400,23-Jan-10
Madhya Pradesh,Hoshangabad,Hoshangabad,Mill Quality,Cereals,1,1265,1265,1265,03-Feb-10
Madhya Pradesh,Hoshangabad,Hoshangabad,Mill Quality,Cereals,1.52,2290,2290,2290,09-May-24
Madhya Pradesh,Hoshangabad,Hoshangabad,Mill Quality,Cereals,2,1285,1285,1285,18-Jan-10
Madhya Pradesh,Hoshangabad,Hoshangabad,Mill Quality,Cereals,2.1,2450,2450,2450,01-Jul-24
Madhya Pradesh,Hoshangabad,Hoshangabad,Mill Quality,Cereals,3,1275,1275,1275,28-Jan-10
Madhya Pradesh,Hoshangabad,Hoshangabad,Mill Quality,Cereals,3.04,2360,2360,2360,13-Jun-24
Madhya Pradesh,Hoshangabad,Hoshangabad,Mill Quality,Cereals,3.69,2521,2600,2600,23-Sep-24
Madhya Pradesh,Hoshangabad,Hoshangabad,Mill Quality,Cereals,4.2,2300,2300,2300,24-Apr-24
Madhya Pradesh,Hoshangabad,Hoshangabad,Mill Quality,Cereals,4.57,2200,2250,2200,20-Feb-24
Madhya Pradesh,Hoshangabad,Hoshangabad,Mill Quality,Cereals,5,1250,1250,1250,02-Feb-10
Madhya Pradesh,Hoshangabad,Hoshangabad,Mill Quality,Cereals,5,1475,1475,1475,10-Oct-13
Madhya Pradesh,Hoshangabad,Hoshangabad,Mill Quality,Cereals,5.4,2700,2700,2700,05-Dec-24
Madhya Pradesh,Hoshangabad,Hoshangabad,Mill Quality,Cereals,5.5,1350,1355,1355,10-Jun-14
Madhya Pradesh,Hoshangabad,Hoshangabad,Mill Quality,Cereals,5.52,2850,2850,2850,14-Feb-25
Madhya Pradesh,Hoshangabad,Hoshangabad,Mill Quality,Cereals,6,1600,0,0,10-Jan-14
Madhya Pradesh,Hoshangabad,Hoshangabad,Mill Quality,Cereals,6.53,2710,2720,2720,23-Oct-24
Madhya Pradesh,Hoshangabad,Hoshangabad,Mill Quality,Cereals,7,2650,2650,2650,04-Oct-24
Madhya Pradesh,Hoshangabad,Hoshangabad,Mill Quality,Cereals,7.5,1560,1570,1560,07-Jan-14
Madhya Pradesh,Hoshangabad,Hoshangabad,Mill Quality,Cereals,8,1350,1357,1355,12-Jun-14
Madhya Pradesh,Hoshangabad,Hoshangabad,Mill Quality,Cereals,8,1552,1555,1555,15-Mar-14
Madhya Pradesh,Hoshangabad,Hoshangabad,Mill Quality,Cereals,8.04,2505,2550,2550,05-Sep-24
Madhya Pradesh,Hoshangabad,Hoshangabad,Mill Quality,Cereals,8.04,2640,2700,2700,06-Dec-24
Madhya Pradesh,Hoshangabad,Hoshangabad,Mill Quality,Cereals,8.15,2420,2420,2420,21-Oct-24
Madhya Pradesh,Hoshangabad,Hoshangabad,Mill Quality,Cereals,8.8,1480,1485,1480,11-Oct-13
Madhya Pradesh,Hoshangabad,Hoshangabad,Mill Quality,Cereals,9,1250,1250,1250,08-Feb-10
Madhya Pradesh,Hoshangabad,Hoshangabad,Mill Quality,Cereals,9,1275,1285,1280,20-Jan-10
Madhya Pradesh,Hoshangabad,Hoshangabad,Mill Quality,Cereals,9.6,2250,2250,2250,12-Feb-24
Madhya Pradesh,Hoshangabad,Hoshangabad,Mill Quality,Cereals,10,1430,1430,1430,18-Sep-13
Madhya Pradesh,Hoshangabad,Hoshangabad,Mill Quality,Cereals,10,1440,1445,1440,26-Sep-13
Madhya Pradesh,Hoshangabad,Hoshangabad,Mill Quality,Cereals,10,1460,1465,1460,21-Sep-13
Madhya Pradesh,Hoshangabad,Hoshangabad,Mill Quality,Cereals,10,1470,1475,1475,23-Sep-13
Madhya Pradesh,Hoshangabad,Hoshangabad,Mill Quality,Cereals,10,1500,1500,1500,22-Nov-13
Madhya Pradesh,Hoshangabad,Hoshangabad,Mill Quality,Cereals,10,1550,1550,1550,06-Feb-14
Madhya Pradesh,Hoshangabad,Hoshangabad,Mill Quality,Cereals,10,1550,1560,1560,04-Feb-14
Madhya Pradesh,Hoshangabad,Hoshangabad,Mill Quality,Cereals,10,1610,1615,1610,24-Jan-14
Madhya Pradesh,Hoshangabad,Hoshangabad,Mill Quality,Cereals,10,1615,1620,1615,25-Jan-14
Madhya Pradesh,Hoshangabad,Hoshangabad,Mill Quality,Cereals,10,2500,2500,2500,30-Dec-24
Madhya Pradesh,Hoshangabad,Hoshangabad,Mill Quality,Cereals,10.44,2280,2280,2280,26-Mar-24
Madhya Pradesh,Hoshangabad,Hoshangabad,Mill Quality,Cereals,10.6,1500,1525,1510,29-Oct-13
Madhya Pradesh,Hoshangabad,Hoshangabad,Mill Quality,Cereals,11,1550,1565,1565,05-Feb-14
Madhya Pradesh,Hoshangabad,Hoshangabad,Mill Quality,Cereals,11,2751,2758,2758,28-Oct-24
Madhya Pradesh,Hoshangabad,Hoshangabad,Mill Quality,Cereals,12,1550,1550,1550,12-May-14
Madhya Pradesh,Hoshangabad,Hoshangabad,Mill Quality,Cereals,12,2500,2550,2550,12-Sep-24
Madhya Pradesh,Hoshangabad,Hoshangabad,Mill Quality,Cereals,12,2650,2700,2700,22-Oct-24
Madhya Pradesh,Hoshangabad,Hoshangabad,Mill Quality,Cereals,12.19,2410,2450,2450,06-Aug-24
Madhya Pradesh,Hoshangabad,Hoshangabad,Mill Quality,Cereals,12.5,1422,1481,1481,08-Oct-13
Madhya Pradesh,Hoshangabad,Hoshangabad,Mill Quality,Cereals,12.57,2282,2285,2285,19-Apr-24
Madhya Pradesh,Hoshangabad,Hoshangabad,Mill Quality,Cereals,12.59,2311,2325,2325,06-Jul-24
Madhya Pradesh,Hoshangabad,Hoshangabad,Mill Quality,Cereals,12.6,2400,2410,2400,30-Jan-24
Madhya Pradesh,Hoshangabad,Hoshangabad,Mill Quality,Cereals,12.92,2284,2300,2300,22-Apr-24
Madhya Pradesh,Hoshangabad,Hoshangabad,Mill Quality,Cereals,13,1400,1420,1420,19-Sep-13
Madhya Pradesh,Hoshangabad,Hoshangabad,Mill Quality,Cereals,13,1510,1520,1515,25-Oct-13
Madhya Pradesh,Hoshangabad,Hoshangabad,Mill Quality,Cereals,13.43,2300,2340,2340,22-May-24
Madhya Pradesh,Hoshangabad,Hoshangabad,Mill Quality,Cereals,14,1410,1415,1415,09-Oct-13
Madhya Pradesh,Hoshangabad,Hoshangabad,Mill Quality,Cereals,14.05,1550,1550,1550,15-May-14
Madhya Pradesh,Hoshangabad,Hoshangabad,Mill Quality,Cereals,14.5,1530,1540,1540,03-Feb-14
Madhya Pradesh,Hoshangabad,Hoshangabad,Mill Quality,Cereals,15,1310,1320,1315,20-Jun-14
Madhya Pradesh,Hoshangabad,Hoshangabad,Mill Quality,Cereals,15,1350,1360,1355,09-Jun-14
Madhya Pradesh,Hoshangabad,Hoshangabad,Mill Quality,Cereals,15,1415,1415,1415,20-Sep-13
Madhya Pradesh,Hoshangabad,Hoshangabad,Mill Quality,Cereals,15,1500,1508,1505,28-Nov-13
Madhya Pradesh,Hoshangabad,Hoshangabad,Mill Quality,Cereals,15.11,2200,2300,2200,01-Jan-24
Madhya Pradesh,Hoshangabad,Hoshangabad,Mill Quality,Cereals,15.25,2400,2410,2410,04-Jun-24
Madhya Pradesh,Hoshangabad,Hoshangabad,Mill Quality,Cereals,15.36,2290,2295,2290,13-May-24
Madhya Pradesh,Hoshangabad,Hoshangabad,Mill Quality,Cereals,15.38,2700,2800,2800,08-Jan-25
Madhya Pradesh,Hoshangabad,Hoshangabad,Mill Quality,Cereals,15.5,1570,1580,1580,21-Nov-13
Madhya Pradesh,Hoshangabad,Hoshangabad,Mill Quality,Cereals,15.6,2350,2375,2375,12-Mar-24
Madhya Pradesh,Hoshangabad,Hoshangabad,Mill Quality,Cereals,16,1275,1285,1280,24-Jun-14
Madhya Pradesh,Hoshangabad,Hoshangabad,Mill Quality,Cereals,16,1280,1300,1290,30-Jun-14
Madhya Pradesh,Hoshangabad,Hoshangabad,Mill Quality,Cereals,16,1525,1540,1530,26-Feb-14
Madhya Pradesh,Hoshangabad,Hoshangabad,Mill Quality,Cereals,16.05,2435,2485,2485,20-Sep-24
Madhya Pradesh,Hoshangabad,Hoshangabad,Mill Quality,Cereals,16.19,2280,2280,2280,19-Mar-24
Madhya Pradesh,Hoshangabad,Hoshangabad,Mill Quality,Cereals,16.2,2450,2500,2450,12-Jan-24
Madhya Pradesh,Hoshangabad,Hoshangabad,Mill Quality,Cereals,17,1310,1325,1320,07-Jul-14
Madhya Pradesh,Hoshangabad,Hoshangabad,Mill Quality,Cereals,17,1420,1460,1455,27-Sep-13
Madhya Pradesh,Hoshangabad,Hoshangabad,Mill Quality,Cereals,17.05,2275,2401,2401,26-Jun-24
Madhya Pradesh,Hoshangabad,Hoshangabad,Mill Quality,Cereals,17.1,2300,2300,2300,09-Apr-24
Madhya Pradesh,Hoshangabad,Hoshangabad,Mill Quality,Cereals,17.15,2850,2860,2860,10-Feb-25
Madhya Pradesh,Hoshangabad,Hoshangabad,Mill Quality,Cereals,17.5,1550,1550,1550,09-May-14
Madhya Pradesh,Hoshangabad,Hoshangabad,Mill Quality,Cereals,18.06,2490,2505,2505,23-Aug-24
Madhya Pradesh,Hoshangabad,Hoshangabad,Mill Quality,Cereals,18.52,2610,2675,2640,14-Oct-24
Madhya Pradesh,Hoshangabad,Hoshangabad,Mill Quality,Cereals,19,1310,1320,1315,22-Jan-10
Madhya Pradesh,Hoshangabad,Hoshangabad,Mill Quality,Cereals,19.47,2600,2600,2600,26-Sep-24
Madhya Pradesh,Hoshangabad,Hoshangabad,Mill Quality,Cereals,19.5,1420,1465,1460,25-Sep-13
Madhya Pradesh,Hoshangabad,Hoshangabad,Mill Quality,Cereals,19.98,2410,2425,2425,27-May-24
Madhya Pradesh,Hoshangabad,Hoshangabad,Mill Quality,Cereals,20,1660,1670,1660,18-Jan-14
Madhya Pradesh,Hoshangabad,Hoshangabad,Mill Quality,Cereals,20.5,1520,1560,1550,27-Nov-13
Madhya Pradesh,Hoshangabad,Hoshangabad,Mill Quality,Cereals,21,1610,1620,1615,22-Jan-14
Madhya Pradesh,Hoshangabad,Hoshangabad,Mill Quality,Cereals,21,2350,2361,2350,21-Jun-24
Madhya Pradesh,Hoshangabad,Hoshangabad,Mill Quality,Cereals,21,2490,2510,2510,17-Jan-25
Madhya Pradesh,Hoshangabad,Hoshangabad,Mill Quality,Cereals,21.5,3200,3777,3475,06-Jan-14
Madhya Pradesh,Hoshangabad,Hoshangabad,Mill Quality,Cereals,21.54,2305,2355,2355,10-Jul-24
Madhya Pradesh,Hoshangabad,Hoshangabad,Mill Quality,Cereals,22,1430,1441,1435,05-Oct-13
Madhya Pradesh,Hoshangabad,Hoshangabad,Mill Quality,Cereals,22.2,2400,2510,2510,19-Feb-25
Madhya Pradesh,Hoshangabad,Hoshangabad,Mill Quality,Cereals,22.2,2475,2510,2510,14-Aug-24
Madhya Pradesh,Hoshangabad,Hoshangabad,Mill Quality,Cereals,22.5,1420,1480,1455,07-Oct-13
Madhya Pradesh,Hoshangabad,Hoshangabad,Mill Quality,Cereals,22.5,2285,2350,2285,17-May-24
Madhya Pradesh,Hoshangabad,Hoshangabad,Mill Quality,Cereals,22.5,2520,2550,2550,27-Jan-25
Madhya Pradesh,Hoshangabad,Hoshangabad,Mill Quality,Cereals,22.5,2540,2560,2560,29-Jan-25
Madhya Pradesh,Hoshangabad,Hoshangabad,Mill Quality,Cereals,23,2450,2600,2600,20-Dec-24
Madhya Pradesh,Hoshangabad,Hoshangabad,Mill Quality,Cereals,24,2550,2600,2600,15-Feb-25
Madhya Pradesh,Hoshangabad,Hoshangabad,Mill Quality,Cereals,24.24,2285,2300,2300,04-May-24
Madhya Pradesh,Hoshangabad,Hoshangabad,Mill Quality,Cereals,24.86,2300,2320,2320,18-Mar-24
Madhya Pradesh,Hoshangabad,Hoshangabad,Mill Quality,Cereals,25,1400,1825,1800,02-Jun-14
Madhya Pradesh,Hoshangabad,Hoshangabad,Mill Quality,Cereals,25,1535,1540,1535,12-Nov-13
Madhya Pradesh,Hoshangabad,Hoshangabad,Mill Quality,Cereals,25,2500,2600,2500,18-Dec-24
Madhya Pradesh,Hoshangabad,Hoshangabad,Mill Quality,Cereals,25.2,1440,1470,1445,12-Oct-13
Madhya Pradesh,Hoshangabad,Hoshangabad,Mill Quality,Cereals,25.5,1530,1550,1545,08-Nov-13
Madhya Pradesh,Hoshangabad,Hoshangabad,Mill Quality,Cereals,25.64,2300,2350,2350,12-Jul-24
Madhya Pradesh,Hoshangabad,Hoshangabad,Mill Quality,Cereals,26,1425,1530,1520,26-Oct-13
Madhya Pradesh,Hoshangabad,Hoshangabad,Mill Quality,Cereals,26,1520,1540,1535,20-Nov-13
Madhya Pradesh,Hoshangabad,Hoshangabad,Mill Quality,Cereals,26.09,2275,2295,2405,16-Apr-24
Madhya Pradesh,Hoshangabad,Hoshangabad,Mill Quality,Cereals,26.5,1415,1460,1450,17-Sep-13
Madhya Pradesh,Hoshangabad,Hoshangabad,Mill Quality,Cereals,28,1425,1440,1435,23-Oct-13
Madhya Pradesh,Hoshangabad,Hoshangabad,Mill Quality,Cereals,28.22,2350,2410,2410,28-May-24
Madhya Pradesh,Hoshangabad,Hoshangabad,Mill Quality,Cereals,28.8,2305,2315,2310,06-Jun-24
Madhya Pradesh,Hoshangabad,Hoshangabad,Mill Quality,Cereals,30,1400,1401,1401,01-Oct-13
Madhya Pradesh,Hoshangabad,Hoshangabad,Mill Quality,Cereals,30.5,1600,1620,1610,15-Jan-14
Madhya Pradesh,Hoshangabad,Hoshangabad,Mill Quality,Cereals,31.11,2280,2299,2280,04-Apr-24
Madhya Pradesh,Hoshangabad,Hoshangabad,Mill Quality,Cereals,31.11,2330,2350,2340,14-May-24
Madhya Pradesh,Hoshangabad,Hoshangabad,Mill Quality,Cereals,31.26,2460,2550,2550,25-Sep-24
Madhya Pradesh,Hoshangabad,Hoshangabad,Mill Quality,Cereals,31.3,1500,1525,1510,19-Nov-13
Madhya Pradesh,Hoshangabad,Hoshangabad,Mill Quality,Cereals,32.7,2280,2300,2290,28-Mar-24
Madhya Pradesh,Hoshangabad,Hoshangabad,Mill Quality,Cereals,33,1420,1450,1445,28-Sep-13
Madhya Pradesh,Hoshangabad,Hoshangabad,Mill Quality,Cereals,33,1430,1465,1455,22-Sep-13
Madhya Pradesh,Hoshangabad,Hoshangabad,Mill Quality,Cereals,33.2,1550,1550,1550,10-May-14
Madhya Pradesh,Hoshangabad,Hoshangabad,Mill Quality,Cereals,33.3,2280,2350,2350,07-May-24
Madhya Pradesh,Hoshangabad,Hoshangabad,Mill Quality,Cereals,33.6,2285,2300,2300,03-May-24
Madhya Pradesh,Hoshangabad,Hoshangabad,Mill Quality,Cereals,34.26,2650,2730,2700,15-Oct-24
Madhya Pradesh,Hoshangabad,Hoshangabad,Mill Quality,Cereals,35.82,2280,2285,2280,20-Mar-24
Madhya Pradesh,Hoshangabad,Hoshangabad,Mill Quality,Cereals,36,1555,1610,1600,24-Mar-14
Madhya Pradesh,Hoshangabad,Hoshangabad,Mill Quality,Cereals,37.5,1550,1550,1550,03-May-14
Madhya Pradesh,Hoshangabad,Hoshangabad,Mill Quality,Cereals,39.23,2280,2285,2285,22-Mar-24
Madhya Pradesh,Hoshangabad,Hoshangabad,Mill Quality,Cereals,40,1410,1470,1415,03-Oct-13
Madhya Pradesh,Hoshangabad,Hoshangabad,Mill Quality,Cereals,40,1500,1530,1500,01-Nov-13
Madhya Pradesh,Hoshangabad,Hoshangabad,Mill Quality,Cereals,42,1525,1540,1535,11-Nov-13
Madhya Pradesh,Hoshangabad,Hoshangabad,Mill Quality,Cereals,47,1420,1500,1471,15-Oct-13
Madhya Pradesh,Hoshangabad,Hoshangabad,Mill Quality,Cereals,48,1550,1625,1615,20-Mar-14
Madhya Pradesh,Hoshangabad,Hoshangabad,Mill Quality,Cereals,48.7,1440,1500,1480,30-Oct-13
Madhya Pradesh,Hoshangabad,Hoshangabad,Mill Quality,Cereals,48.99,2290,2400,2400,20-May-24
Madhya Pradesh,Hoshangabad,Hoshangabad,Mill Quality,Cereals,49,1441,1530,1450,24-Oct-13
Madhya Pradesh,Hoshangabad,Hoshangabad,Mill Quality,Cereals,49,1550,1550,1550,31-Mar-14
Madhya Pradesh,Hoshangabad,Hoshangabad,Mill Quality,Cereals,50.5,1550,1550,1550,06-May-14
Madhya Pradesh,Hoshangabad,Hoshangabad,Mill Quality,Cereals,52.8,2280,2290,2290,30-Mar-24
Madhya Pradesh,Hoshangabad,Hoshangabad,Mill Quality,Cereals,53,1550,1555,1552,29-Mar-14
Madhya Pradesh,Hoshangabad,Hoshangabad,Mill Quality,Cereals,53.33,2310,2350,2350,16-May-24
Madhya Pradesh,Hoshangabad,Hoshangabad,Mill Quality,Cereals,54,1416,1501,1501,19-Oct-13
Madhya Pradesh,Hoshangabad,Hoshangabad,Mill Quality,Cereals,55.92,2280,2301,2301,15-May-24
Madhya Pradesh,Hoshangabad,Hoshangabad,Mill Quality,Cereals,56,1425,1525,1480,22-Oct-13
Madhya Pradesh,Hoshangabad,Hoshangabad,Mill Quality,Cereals,59,1550,1550,1550,08-May-14
Madhya Pradesh,Hoshangabad,Hoshangabad,Mill Quality,Cereals,65.25,2280,2300,2300,23-Apr-24
Madhya Pradesh,Hoshangabad,Hoshangabad,Mill Quality,Cereals,65.4,1425,1475,1435,16-Sep-13
Madhya Pradesh,Hoshangabad,Hoshangabad,Mill Quality,Cereals,66.5,1430,1525,1500,31-Oct-13
Madhya Pradesh,Hoshangabad,Hoshangabad,Mill Quality,Cereals,73.8,2265,2300,2280,29-Mar-24
Madhya Pradesh,Hoshangabad,Hoshangabad,Mill Quality,Cereals,74.28,2285,2330,2325,08-May-24
Madhya Pradesh,Hoshangabad,Hoshangabad,Mill Quality,Cereals,74.37,2265,2300,2300,13-Apr-24
Madhya Pradesh,Hoshangabad,Hoshangabad,Mill Quality,Cereals,77.85,2275,2290,2290,15-Apr-24
Madhya Pradesh,Hoshangabad,Hoshangabad,Mill Quality,Cereals,78,1420,1525,1490,21-Oct-13
Madhya Pradesh,Hoshangabad,Hoshangabad,Mill Quality,Cereals,80,1521,1565,1540,06-Nov-13
Madhya Pradesh,Hoshangabad,Hoshangabad,Mill Quality,Cereals,80.43,2305,2420,2310,24-May-24
Madhya Pradesh,Hoshangabad,Hoshangabad,Mill Quality,Cereals,86.5,1550,1550,1550,01-May-14
Madhya Pradesh,Hoshangabad,Hoshangabad,Mill Quality,Cereals,87.5,1428,1450,1430,30-Sep-13
Madhya Pradesh,Hoshangabad,Hoshangabad,Mill Quality,Cereals,95.2,1428,1480,1440,28-Oct-13
Madhya Pradesh,Hoshangabad,Hoshangabad,Mill Quality,Cereals,99.03,2280,2290,2290,20-Apr-24
Madhya Pradesh,Hoshangabad,Hoshangabad,Mill Quality,Cereals,99.94,2280,2292,2290,29-Apr-24
Madhya Pradesh,Hoshangabad,Hoshangabad,Mill Quality,Cereals,102.41,2280,2321,2380,01-May-24
Madhya Pradesh,Hoshangabad,Hoshangabad,Mill Quality,Cereals,107.54,2282,2340,2285,30-Apr-24
Madhya Pradesh,Hoshangabad,Hoshangabad,Mill Quality,Cereals,117,1520,1611,1605,09-Nov-13
Madhya Pradesh,Hoshangabad,Hoshangabad,Mill Quality,Cereals,117,1550,1550,1550,05-May-14
Madhya Pradesh,Hoshangabad,Hoshangabad,Mill Quality,Cereals,127.14,2275,2300,2290,06-Apr-24
Madhya Pradesh,Hoshangabad,Hoshangabad,Mill Quality,Cereals,130.52,2275,2295,2280,02-Apr-24
Madhya Pradesh,Hoshangabad,Hoshangabad,Mill Quality,Cereals,135.8,1550,1550,1550,27-Mar-14
Madhya Pradesh,Hoshangabad,Hoshangabad,Mill Quality,Cereals,140.95,2275,2287,2281,03-Apr-24
Madhya Pradesh,Hoshangabad,Hoshangabad,Mill Quality,Cereals,143.26,2275,2290,2285,05-Apr-24
Madhya Pradesh,Hoshangabad,Hoshangabad,Mill Quality,Cereals,148.22,2275,2290,2285,18-Apr-24
Madhya Pradesh,Hoshangabad,Hoshangabad,Mill Quality,Cereals,172.79,2275,2300,2300,08-Apr-24
Madhya Pradesh,Hoshangabad,Hoshangabad,Mill Quality,Cereals,173.29,2280,2290,2285,01-Apr-24
Madhya Pradesh,Hoshangabad,Hoshangabad,Mill Quality,Cereals,175.75,2280,2301,2285,27-Mar-24
Madhya Pradesh,Hoshangabad,Hoshangabad,Mill Quality,Cereals,195,1550,1550,1550,29-Apr-14
Madhya Pradesh,Hoshangabad,Hoshangabad,Mill Quality,Cereals,199.8,1550,1555,1550,28-Mar-14
Madhya Pradesh,Hoshangabad,Hoshangabad,Mill Quality,Cereals,218.5,1550,1550,1550,01-Apr-14
Madhya Pradesh,Hoshangabad,Hoshangabad,Mill Quality,Cereals,219,1550,1550,1550,07-May-14
Madhya Pradesh,Hoshangabad,Hoshangabad,Mill Quality,Cereals,314.5,1550,1550,1550,28-Apr-14
Madhya Pradesh,Hoshangabad,Hoshangabad,Mill Quality,Cereals,519,1550,1550,1550,22-Apr-14
Madhya Pradesh,Hoshangabad,Hoshangabad,Mill Quality,Cereals,524,1550,1550,1550,25-Apr-14
Madhya Pradesh,Hoshangabad,Hoshangabad,Mill Quality,Cereals,572,1550,1550,1550,09-Apr-14
Madhya Pradesh,Hoshangabad,Hoshangabad,Mill Quality,Cereals,593,1550,1550,1550,08-Apr-14
Madhya Pradesh,Hoshangabad,Hoshangabad,Mill Quality,Cereals,638,1550,1555,1553,02-Apr-14
Madhya Pradesh,Hoshangabad,Hoshangabad,Mill Quality,Cereals,655,1550,1550,1550,24-Apr-14
Madhya Pradesh,Hoshangabad,Hoshangabad,Mill Quality,Cereals,661.5,1550,1550,1550,03-Apr-14
Madhya Pradesh,Hoshangabad,Hoshangabad,Mill Quality,Cereals,825,1550,1550,1550,26-Apr-14
Madhya Pradesh,Hoshangabad,Hoshangabad,Mill Quality,Cereals,827.5,1550,1550,1550,16-Apr-14
Madhya Pradesh,Hoshangabad,Hoshangabad,Mill Quality,Cereals,843,1550,1550,1550,21-Apr-14
Madhya Pradesh,Hoshangabad,Hoshangabad,Mill Quality,Cereals,886.5,1550,1550,1550,04-Apr-14
Madhya Pradesh,Hoshangabad,Hoshangabad,Mill Quality,Cereals,893.9,1550,1550,1550,23-Apr-14
Madhya Pradesh,Hoshangabad,Hoshangabad,Mill Quality,Cereals,"1,016.50",1550,1550,1550,14-Apr-14
Madhya Pradesh,Hoshangabad,Hoshangabad,Mill Quality,Cereals,"1,297.00",1550,1553,1550,07-Apr-14
Madhya Pradesh,Hoshangabad,Hoshangabad,Mill Quality,Cereals,"1,609.50",1550,1550,1550,15-Apr-14
Madhya Pradesh,Hoshangabad,Hoshangabad,Mill Quality,Cereals,"1,860.50",1550,1550,1550,11-Apr-14
Madhya Pradesh,Hoshangabad,Hoshangabad,Mill Quality,Cereals,"1,959.70",1550,1550,1550,17-Apr-14
Madhya Pradesh,Hoshangabad,Hoshangabad,Mill Quality,Cereals,"2,059.00",1550,1550,1550,05-Apr-14
Madhya Pradesh,Hoshangabad,Hoshangabad,Mill Quality,Cereals,"2,227.50",1550,1550,1550,12-Apr-14
Madhya Pradesh,Hoshangabad,Hoshangabad,Mill Quality,Cereals,"2,229.50",1550,1550,1550,19-Apr-14
Madhya Pradesh,Hoshangabad,Hoshangabad,Mill Quality,Cereals,"1,16,330.90",1550,1550,1550,30-Apr-14
Madhya Pradesh,Hoshangabad,Hoshangabad,Other,Cereals,0.1,1050,1050,1050,20-Jan-12
Madhya Pradesh,Hoshangabad,Hoshangabad,Other,Cereals,0.6,1772,1772,1772,20-Jul-18
Madhya Pradesh,Hoshangabad,Hoshangabad,Other,Cereals,1.5,900,900,900,14-Oct-11
Madhya Pradesh,Hoshangabad,Hoshangabad,Other,Cereals,1.5,1210,1210,1210,11-Aug-12
Madhya Pradesh,Hoshangabad,Hoshangabad,Other,Cereals,1.5,1810,1810,1810,30-Oct-21
Madhya Pradesh,Hoshangabad,Hoshangabad,Other,Cereals,1.7,1500,1500,1500,17-May-13
Madhya Pradesh,Hoshangabad,Hoshangabad,Other,Cereals,2.5,1500,1500,1500,08-May-13
Madhya Pradesh,Hoshangabad,Hoshangabad,Other,Cereals,2.9,932,1000,1000,29-Oct-11
Madhya Pradesh,Hoshangabad,Hoshangabad,Other,Cereals,3,1850,1850,1850,30-Jan-20
Madhya Pradesh,Hoshangabad,Hoshangabad,Other,Cereals,3.5,975,975,975,17-Oct-11
Madhya Pradesh,Hoshangabad,Hoshangabad,Other,Cereals,3.5,1315,1315,1315,14-Aug-12
Madhya Pradesh,Hoshangabad,Hoshangabad,Other,Cereals,4,1045,1055,1055,16-Nov-11
Madhya Pradesh,Hoshangabad,Hoshangabad,Other,Cereals,4,1048,1050,1050,22-Nov-11
Madhya Pradesh,Hoshangabad,Hoshangabad,Other,Cereals,4,1435,1440,1435,26-Jul-13
Madhya Pradesh,Hoshangabad,Hoshangabad,Other,Cereals,4.1,1000,1050,1040,15-Nov-11
Madhya Pradesh,Hoshangabad,Hoshangabad,Other,Cereals,4.2,951,980,980,13-Oct-11
Madhya Pradesh,Hoshangabad,Hoshangabad,Other,Cereals,4.5,975,1000,975,10-Oct-11
Madhya Pradesh,Hoshangabad,Hoshangabad,Other,Cereals,4.6,1005,1010,1010,28-Dec-11
Madhya Pradesh,Hoshangabad,Hoshangabad,Other,Cereals,4.8,975,975,975,31-Oct-11
Madhya Pradesh,Hoshangabad,Hoshangabad,Other,Cereals,4.8,980,985,980,01-Nov-11
Madhya Pradesh,Hoshangabad,Hoshangabad,Other,Cereals,4.8,1025,1030,1025,11-Nov-11
Madhya Pradesh,Hoshangabad,Hoshangabad,Other,Cereals,4.9,1020,1030,1025,09-Nov-11
Madhya Pradesh,Hoshangabad,Hoshangabad,Other,Cereals,5,1005,1010,1010,04-Nov-11
Madhya Pradesh,Hoshangabad,Hoshangabad,Other,Cereals,5,1025,1030,1028,08-Nov-11
Madhya Pradesh,Hoshangabad,Hoshangabad,Other,Cereals,5,1025,1036,1031,18-Nov-11
Madhya Pradesh,Hoshangabad,Hoshangabad,Other,Cereals,5,1400,1400,1400,24-Aug-13
Madhya Pradesh,Hoshangabad,Hoshangabad,Other,Cereals,5,1420,1420,1420,30-Aug-13
Madhya Pradesh,Hoshangabad,Hoshangabad,Other,Cereals,5,1435,1440,1435,01-Aug-13
Madhya Pradesh,Hoshangabad,Hoshangabad,Other,Cereals,5,1500,1500,1500,10-May-13
Madhya Pradesh,Hoshangabad,Hoshangabad,Other,Cereals,5,1500,1500,1500,20-Mar-13
Madhya Pradesh,Hoshangabad,Hoshangabad,Other,Cereals,5,1851,1851,1851,28-Jan-22
Madhya Pradesh,Hoshangabad,Hoshangabad,Other,Cereals,5,2130,2130,2130,06-Jun-23
Madhya Pradesh,Hoshangabad,Hoshangabad,Other,Cereals,5.1,1035,1041,1039,24-Nov-11
Madhya Pradesh,Hoshangabad,Hoshangabad,Other,Cereals,5.7,2071,2071,2071,09-Jan-20
Madhya Pradesh,Hoshangabad,Hoshangabad,Other,Cereals,5.8,990,1001,1001,19-Oct-11
Madhya Pradesh,Hoshangabad,Hoshangabad,Other,Cereals,5.8,1005,1010,1010,08-Oct-11
Madhya Pradesh,Hoshangabad,Hoshangabad,Other,Cereals,6,1010,1010,1010,17-Jan-12
Madhya Pradesh,Hoshangabad,Hoshangabad,Other,Cereals,6,1425,1425,1425,20-Aug-14
Madhya Pradesh,Hoshangabad,Hoshangabad,Other,Cereals,6,1425,1810,1810,14-Aug-14
Madhya Pradesh,Hoshangabad,Hoshangabad,Other,Cereals,6,1736,1745,1740,29-Jun-18
Madhya Pradesh,Hoshangabad,Hoshangabad,Other,Cereals,6,1935,1935,1935,19-Mar-20
Madhya Pradesh,Hoshangabad,Hoshangabad,Other,Cereals,6.2,1450,1455,1455,18-Jul-13
Madhya Pradesh,Hoshangabad,Hoshangabad,Other,Cereals,6.4,1021,1042,1035,19-Nov-11
Madhya Pradesh,Hoshangabad,Hoshangabad,Other,Cereals,6.5,1010,1015,1015,02-Dec-11
Madhya Pradesh,Hoshangabad,Hoshangabad,Other,Cereals,6.5,1025,1041,1030,06-Jan-12
Madhya Pradesh,Hoshangabad,Hoshangabad,Other,Cereals,6.5,1610,1800,1700,05-Aug-18
Madhya Pradesh,Hoshangabad,Hoshangabad,Other,Cereals,6.6,1018,1025,1021,29-Nov-11
Madhya Pradesh,Hoshangabad,Hoshangabad,Other,Cereals,6.8,1000,1005,1005,05-Oct-11
Madhya Pradesh,Hoshangabad,Hoshangabad,Other,Cereals,7,990,1000,995,08-Dec-11
Madhya Pradesh,Hoshangabad,Hoshangabad,Other,Cereals,7.2,1005,1011,1010,23-Dec-11
Madhya Pradesh,Hoshangabad,Hoshangabad,Other,Cereals,7.6,1018,1032,1021,28-Nov-11
Madhya Pradesh,Hoshangabad,Hoshangabad,Other,Cereals,8,980,980,980,12-Dec-11
Madhya Pradesh,Hoshangabad,Hoshangabad,Other,Cereals,8,1010,1018,1018,27-Jan-12
Madhya Pradesh,Hoshangabad,Hoshangabad,Other,Cereals,8,1425,1435,1435,26-Aug-13
Madhya Pradesh,Hoshangabad,Hoshangabad,Other,Cereals,8,1435,1440,1440,22-Jun-13
Madhya Pradesh,Hoshangabad,Hoshangabad,Other,Cereals,8,1440,1445,1445,21-Jun-13
Madhya Pradesh,Hoshangabad,Hoshangabad,Other,Cereals,8.8,1001,1017,1005,17-Sep-11
Madhya Pradesh,Hoshangabad,Hoshangabad,Other,Cereals,9,1000,1000,1000,21-Sep-11
Madhya Pradesh,Hoshangabad,Hoshangabad,Other,Cereals,9,1061,1071,1067,31-Jan-12
Madhya Pradesh,Hoshangabad,Hoshangabad,Other,Cereals,9,1405,1405,1405,05-Jul-12
Madhya Pradesh,Hoshangabad,Hoshangabad,Other,Cereals,9.5,1401,1401,1401,21-Aug-14
Madhya Pradesh,Hoshangabad,Hoshangabad,Other,Cereals,9.5,1401,1411,1411,07-Aug-14
Madhya Pradesh,Hoshangabad,Hoshangabad,Other,Cereals,9.5,1401,1411,1411,27-Aug-14
Madhya Pradesh,Hoshangabad,Hoshangabad,Other,Cereals,9.5,1900,1900,1900,16-Mar-20
Madhya Pradesh,Hoshangabad,Hoshangabad,Other,Cereals,9.5,2020,2020,2020,04-Jan-20
Madhya Pradesh,Hoshangabad,Hoshangabad,Other,Cereals,9.6,1015,1025,1018,05-Dec-11
Madhya Pradesh,Hoshangabad,Hoshangabad,Other,Cereals,9.8,1000,1010,1008,26-Dec-11
Madhya Pradesh,Hoshangabad,Hoshangabad,Other,Cereals,10,975,980,980,16-Dec-11
Madhya Pradesh,Hoshangabad,Hoshangabad,Other,Cereals,10,975,980,980,17-Dec-11
Madhya Pradesh,Hoshangabad,Hoshangabad,Other,Cereals,10,975,995,990,13-Dec-11
Madhya Pradesh,Hoshangabad,Hoshangabad,Other,Cereals,10,975,995,990,13-Jan-12
Madhya Pradesh,Hoshangabad,Hoshangabad,Other,Cereals,10,990,1005,1000,10-Dec-11
Madhya Pradesh,Hoshangabad,Hoshangabad,Other,Cereals,10,1000,1000,1000,23-Feb-12
Madhya Pradesh,Hoshangabad,Hoshangabad,Other,Cereals,10,1003,1010,1007,28-Sep-11
Madhya Pradesh,Hoshangabad,Hoshangabad,Other,Cereals,10,1005,1005,1005,20-Sep-11
Madhya Pradesh,Hoshangabad,Hoshangabad,Other,Cereals,10,1010,1015,1015,09-Mar-12
Madhya Pradesh,Hoshangabad,Hoshangabad,Other,Cereals,10,1025,1025,1025,02-Jul-12
Madhya Pradesh,Hoshangabad,Hoshangabad,Other,Cereals,10,1290,1321,1305,23-Jul-12
Madhya Pradesh,Hoshangabad,Hoshangabad,Other,Cereals,10,1305,1310,1310,18-Aug-12
Madhya Pradesh,Hoshangabad,Hoshangabad,Other,Cereals,10,1385,1385,1385,14-May-12
Madhya Pradesh,Hoshangabad,Hoshangabad,Other,Cereals,10,1400,1400,1400,12-Jun-13
Madhya Pradesh,Hoshangabad,Hoshangabad,Other,Cereals,10,1430,1430,1430,18-Sep-13
Madhya Pradesh,Hoshangabad,Hoshangabad,Other,Cereals,10,1445,1450,1450,03-Aug-13
Madhya Pradesh,Hoshangabad,Hoshangabad,Other,Cereals,10,1451,1455,1451,15-Jun-13
Madhya Pradesh,Hoshangabad,Hoshangabad,Other,Cereals,10,1940,1950,1950,07-Mar-20
Madhya Pradesh,Hoshangabad,Hoshangabad,Other,Cereals,10,1960,1960,1960,25-Feb-20
Madhya Pradesh,Hoshangabad,Hoshangabad,Other,Cereals,10,1985,1985,1985,10-Feb-20
Madhya Pradesh,Hoshangabad,Hoshangabad,Other,Cereals,10,1990,1990,1990,21-Jan-20
Madhya Pradesh,Hoshangabad,Hoshangabad,Other,Cereals,10.5,1310,1325,1315,21-Aug-12
Madhya Pradesh,Hoshangabad,Hoshangabad,Other,Cereals,10.8,1400,1453,1453,14-Jun-13
Madhya Pradesh,Hoshangabad,Hoshangabad,Other,Cereals,11,1010,1010,1010,16-Jan-12
Madhya Pradesh,Hoshangabad,Hoshangabad,Other,Cereals,11,1500,1500,1500,08-Mar-13
Madhya Pradesh,Hoshangabad,Hoshangabad,Other,Cereals,11,2025,2025,2025,22-Nov-19
Madhya Pradesh,Hoshangabad,Hoshangabad,Other,Cereals,11.8,1025,1050,1045,12-Nov-11
Madhya Pradesh,Hoshangabad,Hoshangabad,Other,Cereals,11.8,1030,1045,1040,26-Nov-11
Madhya Pradesh,Hoshangabad,Hoshangabad,Other,Cereals,12,1400,1410,1410,16-Aug-14
Madhya Pradesh,Hoshangabad,Hoshangabad,Other,Cereals,12,1406,1413,1410,23-May-13
Madhya Pradesh,Hoshangabad,Hoshangabad,Other,Cereals,12,1410,1420,1420,19-Aug-14
Madhya Pradesh,Hoshangabad,Hoshangabad,Other,Cereals,12,1440,1450,1450,15-Jul-13
Madhya Pradesh,Hoshangabad,Hoshangabad,Other,Cereals,12.5,1500,1500,1500,07-May-13
Madhya Pradesh,Hoshangabad,Hoshangabad,Other,Cereals,12.7,975,1005,985,22-Dec-11
Madhya Pradesh,Hoshangabad,Hoshangabad,Other,Cereals,13,1100,1100,1100,19-Sep-11
Madhya Pradesh,Hoshangabad,Hoshangabad,Other,Cereals,13,1400,1420,1420,19-Sep-13
Madhya Pradesh,Hoshangabad,Hoshangabad,Other,Cereals,13,1500,1500,1500,14-May-13
Madhya Pradesh,Hoshangabad,Hoshangabad,Other,Cereals,13,1500,1500,1500,16-May-13
Madhya Pradesh,Hoshangabad,Hoshangabad,Other,Cereals,14,1350,1375,1360,27-Aug-12
Madhya Pradesh,Hoshangabad,Hoshangabad,Other,Cereals,14.1,951,1025,995,20-Oct-11
Madhya Pradesh,Hoshangabad,Hoshangabad,Other,Cereals,14.6,995,1004,1001,03-Oct-11
Madhya Pradesh,Hoshangabad,Hoshangabad,Other,Cereals,15,1400,1400,1400,12-Jul-13
Madhya Pradesh,Hoshangabad,Hoshangabad,Other,Cereals,15,1400,1405,1405,17-Jul-13
Madhya Pradesh,Hoshangabad,Hoshangabad,Other,Cereals,15,1405,1420,1410,28-Jun-13
Madhya Pradesh,Hoshangabad,Hoshangabad,Other,Cereals,15,1440,1455,1450,23-Jul-13
Madhya Pradesh,Hoshangabad,Hoshangabad,Other,Cereals,15,1450,1455,0,07-Jun-13
Madhya Pradesh,Hoshangabad,Hoshangabad,Other,Cereals,15,1450,1465,1455,27-May-13
Madhya Pradesh,Hoshangabad,Hoshangabad,Other,Cereals,15,1460,1480,1475,11-Sep-13
Madhya Pradesh,Hoshangabad,Hoshangabad,Other,Cereals,15.1,993,1020,1010,30-Dec-11
Madhya Pradesh,Hoshangabad,Hoshangabad,Other,Cereals,15.2,1420,1445,1440,13-Aug-13
Madhya Pradesh,Hoshangabad,Hoshangabad,Other,Cereals,15.4,980,1005,995,27-Dec-11
Madhya Pradesh,Hoshangabad,Hoshangabad,Other,Cereals,15.5,1400,1415,1415,22-Aug-14
Madhya Pradesh,Hoshangabad,Hoshangabad,Other,Cereals,15.5,1425,1430,1430,31-Jul-14
Madhya Pradesh,Hoshangabad,Hoshangabad,Other,Cereals,16,1402,1405,1405,25-Aug-12
Madhya Pradesh,Hoshangabad,Hoshangabad,Other,Cereals,16,1405,1410,1410,23-Aug-13
Madhya Pradesh,Hoshangabad,Hoshangabad,Other,Cereals,16,1410,1410,1410,12-Sep-13
Madhya Pradesh,Hoshangabad,Hoshangabad,Other,Cereals,16,1425,1435,1435,25-Jul-14
Madhya Pradesh,Hoshangabad,Hoshangabad,Other,Cereals,16,1460,1462,1460,19-Aug-13
Madhya Pradesh,Hoshangabad,Hoshangabad,Other,Cereals,16,1501,1502,1502,18-May-13
Madhya Pradesh,Hoshangabad,Hoshangabad,Other,Cereals,16,2311,2311,2311,03-Oct-23
Madhya Pradesh,Hoshangabad,Hoshangabad,Other,Cereals,16.1,2081,2091,2081,16-Jan-20
Madhya Pradesh,Hoshangabad,Hoshangabad,Other,Cereals,17,1095,1405,1100,04-Jul-12
Madhya Pradesh,Hoshangabad,Hoshangabad,Other,Cereals,17,1448,1455,1451,26-Jun-13
Madhya Pradesh,Hoshangabad,Hoshangabad,Other,Cereals,17,1500,1500,1500,06-May-13
Madhya Pradesh,Hoshangabad,Hoshangabad,Other,Cereals,17.5,1400,1430,1405,10-Jul-13
Madhya Pradesh,Hoshangabad,Hoshangabad,Other,Cereals,18,1405,1410,1410,16-Jul-13
Madhya Pradesh,Hoshangabad,Hoshangabad,Other,Cereals,18,1405,1440,1440,04-Jul-13
Madhya Pradesh,Hoshangabad,Hoshangabad,Other,Cereals,19,1005,1035,1015,28-Jan-12
Madhya Pradesh,Hoshangabad,Hoshangabad,Other,Cereals,19,1400,1445,1425,11-Jul-13
Madhya Pradesh,Hoshangabad,Hoshangabad,Other,Cereals,19,1415,1445,1430,12-Aug-13
Madhya Pradesh,Hoshangabad,Hoshangabad,Other,Cereals,19,1450,1455,1450,20-Jul-13
Madhya Pradesh,Hoshangabad,Hoshangabad,Other,Cereals,19.5,957,1009,975,15-Oct-11
Madhya Pradesh,Hoshangabad,Hoshangabad,Other,Cereals,19.5,1385,1385,1385,13-May-12
Madhya Pradesh,Hoshangabad,Hoshangabad,Other,Cereals,19.8,1435,1480,1470,04-Sep-13
Madhya Pradesh,Hoshangabad,Hoshangabad,Other,Cereals,20,1005,1010,1010,07-Mar-12
Madhya Pradesh,Hoshangabad,Hoshangabad,Other,Cereals,20,1005,1050,1050,24-Feb-12
Madhya Pradesh,Hoshangabad,Hoshangabad,Other,Cereals,20,1385,1385,1385,26-Mar-12
Madhya Pradesh,Hoshangabad,Hoshangabad,Other,Cereals,20,1450,1485,1485,09-Sep-13
Madhya Pradesh,Hoshangabad,Hoshangabad,Other,Cereals,20,1465,1485,1480,06-Sep-13
Madhya Pradesh,Hoshangabad,Hoshangabad,Other,Cereals,20,1500,1500,1500,19-Apr-13
Madhya Pradesh,Hoshangabad,Hoshangabad,Other,Cereals,20,2000,2000,2000,02-Jan-20
Madhya Pradesh,Hoshangabad,Hoshangabad,Other,Cereals,20.5,1100,1110,1105,16-Jun-12
Madhya Pradesh,Hoshangabad,Hoshangabad,Other,Cereals,21,1430,1450,1440,07-Aug-13
Madhya Pradesh,Hoshangabad,Hoshangabad,Other,Cereals,22,1500,1500,1500,03-May-13
Madhya Pradesh,Hoshangabad,Hoshangabad,Other,Cereals,23.6,1015,1020,1016,07-Dec-11
Madhya Pradesh,Hoshangabad,Hoshangabad,Other,Cereals,24,1305,1400,1385,23-Aug-12
Madhya Pradesh,Hoshangabad,Hoshangabad,Other,Cereals,24,1410,1460,1455,16-Aug-13
Madhya Pradesh,Hoshangabad,Hoshangabad,Other,Cereals,24.8,970,1000,980,28-Oct-11
Madhya Pradesh,Hoshangabad,Hoshangabad,Other,Cereals,24.8,1400,1465,1460,10-Jun-13
Madhya Pradesh,Hoshangabad,Hoshangabad,Other,Cereals,25,1000,1010,1005,30-Sep-11
Madhya Pradesh,Hoshangabad,Hoshangabad,Other,Cereals,25,1420,1440,1420,31-Jul-13
Madhya Pradesh,Hoshangabad,Hoshangabad,Other,Cereals,26,1925,1925,1925,15-Apr-20
Madhya Pradesh,Hoshangabad,Hoshangabad,Other,Cereals,26.3,1042,1051,1045,21-Nov-11
Madhya Pradesh,Hoshangabad,Hoshangabad,Other,Cereals,26.5,1005,1032,1025,25-Feb-12
Madhya Pradesh,Hoshangabad,Hoshangabad,Other,Cereals,26.5,1415,1460,1450,17-Sep-13
Madhya Pradesh,Hoshangabad,Hoshangabad,Other,Cereals,26.7,1000,1010,1005,31-Dec-11
Madhya Pradesh,Hoshangabad,Hoshangabad,Other,Cereals,26.7,2210,2210,2210,12-Jun-23
Madhya Pradesh,Hoshangabad,Hoshangabad,Other,Cereals,27,1075,1080,1079,21-Jun-12
Madhya Pradesh,Hoshangabad,Hoshangabad,Other,Cereals,27,1100,1110,1105,14-Jun-12
Madhya Pradesh,Hoshangabad,Hoshangabad,Other,Cereals,27,1425,1465,1455,29-Aug-13
Madhya Pradesh,Hoshangabad,Hoshangabad,Other,Cereals,27,2125,2150,2135,08-Jun-23
Madhya Pradesh,Hoshangabad,Hoshangabad,Other,Cereals,28,950,1000,975,21-Dec-11
Madhya Pradesh,Hoshangabad,Hoshangabad,Other,Cereals,29,1250,1305,1305,30-Jul-12
Madhya Pradesh,Hoshangabad,Hoshangabad,Other,Cereals,29,1390,1490,1470,01-Jun-13
Madhya Pradesh,Hoshangabad,Hoshangabad,Other,Cereals,29,1410,1490,1485,07-Sep-13
Madhya Pradesh,Hoshangabad,Hoshangabad,Other,Cereals,30,1030,1040,1035,30-Nov-11
Madhya Pradesh,Hoshangabad,Hoshangabad,Other,Cereals,30,1190,1200,1200,02-Mar-12
Madhya Pradesh,Hoshangabad,Hoshangabad,Other,Cereals,30,1900,2025,2010,18-Nov-19
Madhya Pradesh,Hoshangabad,Hoshangabad,Other,Cereals,30.2,1400,1430,1415,24-Jul-13
Madhya Pradesh,Hoshangabad,Hoshangabad,Other,Cereals,30.5,1405,1456,1452,29-Jun-13
Madhya Pradesh,Hoshangabad,Hoshangabad,Other,Cereals,30.8,1400,1450,1441,04-Jun-13
Madhya Pradesh,Hoshangabad,Hoshangabad,Other,Cereals,31,1065,1105,1071,14-Feb-12
Madhya Pradesh,Hoshangabad,Hoshangabad,Other,Cereals,33,1370,1439,1380,22-Aug-12
Madhya Pradesh,Hoshangabad,Hoshangabad,Other,Cereals,33.7,980,1071,1042,07-Jan-12
Madhya Pradesh,Hoshangabad,Hoshangabad,Other,Cereals,34,1400,1455,1440,20-Aug-13
Madhya Pradesh,Hoshangabad,Hoshangabad,Other,Cereals,34.5,1100,1105,1103,06-Jul-12
Madhya Pradesh,Hoshangabad,Hoshangabad,Other,Cereals,35,1405,1407,1405,18-Jun-13
Madhya Pradesh,Hoshangabad,Hoshangabad,Other,Cereals,35,1405,1410,1410,20-May-13
Madhya Pradesh,Hoshangabad,Hoshangabad,Other,Cereals,35,1500,1550,1535,06-Feb-18
Madhya Pradesh,Hoshangabad,Hoshangabad,Other,Cereals,35.2,1395,1461,1440,29-May-13
Madhya Pradesh,Hoshangabad,Hoshangabad,Other,Cereals,35.5,1390,1458,1440,05-Jun-13
Madhya Pradesh,Hoshangabad,Hoshangabad,Other,Cereals,35.5,1392,1430,1430,31-May-13
Madhya Pradesh,Hoshangabad,Hoshangabad,Other,Cereals,35.5,1400,1480,1475,03-Sep-13
Madhya Pradesh,Hoshangabad,Hoshangabad,Other,Cereals,35.9,1021,1118,1027,30-Jan-12
Madhya Pradesh,Hoshangabad,Hoshangabad,Other,Cereals,37.5,1400,1440,1425,01-Jul-13
Madhya Pradesh,Hoshangabad,Hoshangabad,Other,Cereals,38.5,1420,1480,1475,10-Sep-13
Madhya Pradesh,Hoshangabad,Hoshangabad,Other,Cereals,39,1005,1011,1009,13-Mar-12
Madhya Pradesh,Hoshangabad,Hoshangabad,Other,Cereals,39,1433,1440,1440,30-Jul-13
Madhya Pradesh,Hoshangabad,Hoshangabad,Other,Cereals,40,1400,1450,1405,06-Jul-13
Madhya Pradesh,Hoshangabad,Hoshangabad,Other,Cereals,40.2,1435,1495,1465,25-Jul-13
Madhya Pradesh,Hoshangabad,Hoshangabad,Other,Cereals,41,1275,1310,1280,07-Aug-12
Madhya Pradesh,Hoshangabad,Hoshangabad,Other,Cereals,41,1400,1440,1405,28-Jul-13
Madhya Pradesh,Hoshangabad,Hoshangabad,Other,Cereals,41.1,950,990,965,21-Oct-11
Madhya Pradesh,Hoshangabad,Hoshangabad,Other,Cereals,41.3,1075,1100,1100,23-Jun-12
Madhya Pradesh,Hoshangabad,Hoshangabad,Other,Cereals,47,1390,1440,1400,11-Jun-13
Madhya Pradesh,Hoshangabad,Hoshangabad,Other,Cereals,48,1501,1505,1505,24-Jul-14
Madhya Pradesh,Hoshangabad,Hoshangabad,Other,Cereals,49,958,1005,967,22-Oct-11
Madhya Pradesh,Hoshangabad,Hoshangabad,Other,Cereals,49.5,1395,1402,1401,24-May-13
Madhya Pradesh,Hoshangabad,Hoshangabad,Other,Cereals,50,1005,1105,1100,06-Mar-12
Madhya Pradesh,Hoshangabad,Hoshangabad,Other,Cereals,50,1100,1200,1150,10-Mar-12
Madhya Pradesh,Hoshangabad,Hoshangabad,Other,Cereals,51,1405,1456,1452,13-Jun-13
Madhya Pradesh,Hoshangabad,Hoshangabad,Other,Cereals,52.5,1385,1385,1385,12-May-12
Madhya Pradesh,Hoshangabad,Hoshangabad,Other,Cereals,54.3,1400,1455,1450,14-Aug-13
Madhya Pradesh,Hoshangabad,Hoshangabad,Other,Cereals,57.5,1420,1485,1440,31-Aug-13
Madhya Pradesh,Hoshangabad,Hoshangabad,Other,Cereals,57.7,1610,1617,1613,13-Jan-21
Madhya Pradesh,Hoshangabad,Hoshangabad,Other,Cereals,58,1250,1450,1325,29-Aug-12
Madhya Pradesh,Hoshangabad,Hoshangabad,Other,Cereals,58.5,1400,1465,1460,27-Aug-13
Madhya Pradesh,Hoshangabad,Hoshangabad,Other,Cereals,60,1501,1505,1502,15-May-13
Madhya Pradesh,Hoshangabad,Hoshangabad,Other,Cereals,62,1400,1491,1480,05-Aug-13
Madhya Pradesh,Hoshangabad,Hoshangabad,Other,Cereals,63,1400,1470,1420,14-Sep-13
Madhya Pradesh,Hoshangabad,Hoshangabad,Other,Cereals,65.4,1415,1475,1435,16-Sep-13
Madhya Pradesh,Hoshangabad,Hoshangabad,Other,Cereals,66.2,1400,1460,1455,19-Jun-13
Madhya Pradesh,Hoshangabad,Hoshangabad,Other,Cereals,72.95,1925,1935,1925,17-Apr-20
Madhya Pradesh,Hoshangabad,Hoshangabad,Other,Cereals,73,1925,1938,1925,22-May-20
Madhya Pradesh,Hoshangabad,Hoshangabad,Other,Cereals,74,1420,1460,1445,10-Aug-13
Madhya Pradesh,Hoshangabad,Hoshangabad,Other,Cereals,76,1390,1450,1400,06-Jun-13
Madhya Pradesh,Hoshangabad,Hoshangabad,Other,Cereals,79,930,1009,980,09-Jan-12
Madhya Pradesh,Hoshangabad,Hoshangabad,Other,Cereals,79,2128,2200,2150,09-Jun-23
Madhya Pradesh,Hoshangabad,Hoshangabad,Other,Cereals,79.9,1500,1500,1500,02-May-13
Madhya Pradesh,Hoshangabad,Hoshangabad,Other,Cereals,80,985,1075,1000,10-Jan-12
Madhya Pradesh,Hoshangabad,Hoshangabad,Other,Cereals,80.1,1400,1465,1460,22-Jul-13
Madhya Pradesh,Hoshangabad,Hoshangabad,Other,Cereals,84,1385,1385,1385,28-Mar-12
Madhya Pradesh,Hoshangabad,Hoshangabad,Other,Cereals,90.5,1385,1385,1385,27-Mar-12
Madhya Pradesh,Hoshangabad,Hoshangabad,Other,Cereals,96,1008,1200,1160,14-Mar-12
Madhya Pradesh,Hoshangabad,Hoshangabad,Other,Cereals,100.4,1500,1500,1500,01-May-13
Madhya Pradesh,Hoshangabad,Hoshangabad,Other,Cereals,119,1385,1385,1385,10-May-12
Madhya Pradesh,Hoshangabad,Hoshangabad,Other,Cereals,130.3,1925,1925,1925,16-Apr-20
Madhya Pradesh,Hoshangabad,Hoshangabad,Other,Cereals,137.5,1500,1500,1500,04-May-13
Madhya Pradesh,Hoshangabad,Hoshangabad,Other,Cereals,149,1385,1385,1385,22-Apr-12
Madhya Pradesh,Hoshangabad,Hoshangabad,Other,Cereals,170.7,1500,1500,1500,30-Apr-13
Madhya Pradesh,Hoshangabad,Hoshangabad,Other,Cereals,174.8,1385,1385,1385,08-May-12
Madhya Pradesh,Hoshangabad,Hoshangabad,Other,Cereals,179.5,1385,1385,1385,31-May-12
Madhya Pradesh,Hoshangabad,Hoshangabad,Other,Cereals,200,1925,1925,1925,02-May-20
Madhya Pradesh,Hoshangabad,Hoshangabad,Other,Cereals,201.5,1925,1925,1925,13-May-20
Madhya Pradesh,Hoshangabad,Hoshangabad,Other,Cereals,214.5,1925,1925,1925,21-May-20
Madhya Pradesh,Hoshangabad,Hoshangabad,Other,Cereals,221,1500,1500,1500,29-Apr-13
Madhya Pradesh,Hoshangabad,Hoshangabad,Other,Cereals,241.8,1925,1935,1930,18-Apr-20
Madhya Pradesh,Hoshangabad,Hoshangabad,Other,Cereals,255,1385,1385,1385,11-May-12
Madhya Pradesh,Hoshangabad,Hoshangabad,Other,Cereals,255,1925,1925,1925,04-May-20
Madhya Pradesh,Hoshangabad,Hoshangabad,Other,Cereals,255.2,1925,1925,1925,12-May-20
Madhya Pradesh,Hoshangabad,Hoshangabad,Other,Cereals,273.1,1385,1385,1385,26-Apr-12
Madhya Pradesh,Hoshangabad,Hoshangabad,Other,Cereals,283,1925,1925,1925,14-May-20
Madhya Pradesh,Hoshangabad,Hoshangabad,Other,Cereals,291.2,1385,1385,1385,30-Apr-12
Madhya Pradesh,Hoshangabad,Hoshangabad,Other,Cereals,330.9,1500,1500,1500,26-Apr-13
Madhya Pradesh,Hoshangabad,Hoshangabad,Other,Cereals,335.1,1925,1925,1925,19-Apr-20
Madhya Pradesh,Hoshangabad,Hoshangabad,Other,Cereals,347.3,1385,1385,1385,27-Apr-12
Madhya Pradesh,Hoshangabad,Hoshangabad,Other,Cereals,354.1,1385,1385,1385,07-May-12
Madhya Pradesh,Hoshangabad,Hoshangabad,Other,Cereals,355.7,1500,1500,1500,27-Apr-13
Madhya Pradesh,Hoshangabad,Hoshangabad,Other,Cereals,365.5,1925,1925,1925,07-May-20
Madhya Pradesh,Hoshangabad,Hoshangabad,Other,Cereals,369.3,1385,1385,1385,29-Mar-12
Madhya Pradesh,Hoshangabad,Hoshangabad,Other,Cereals,379.5,1385,1385,1385,08-Apr-12
Madhya Pradesh,Hoshangabad,Hoshangabad,Other,Cereals,387,1925,0,1925,20-May-20
Madhya Pradesh,Hoshangabad,Hoshangabad,Other,Cereals,429.3,1385,1385,1385,19-May-12
Madhya Pradesh,Hoshangabad,Hoshangabad,Other,Cereals,436,1385,1385,1385,16-May-12
Madhya Pradesh,Hoshangabad,Hoshangabad,Other,Cereals,436.6,1385,1385,1385,09-May-12
Madhya Pradesh,Hoshangabad,Hoshangabad,Other,Cereals,456.2,1385,1385,1385,25-Apr-12
Madhya Pradesh,Hoshangabad,Hoshangabad,Other,Cereals,475.1,1385,1385,1385,30-May-12
Madhya Pradesh,Hoshangabad,Hoshangabad,Other,Cereals,485,1925,1925,1925,01-May-20
Madhya Pradesh,Hoshangabad,Hoshangabad,Other,Cereals,490.1,1385,1385,1385,30-Mar-12
Madhya Pradesh,Hoshangabad,Hoshangabad,Other,Cereals,508.9,1385,1385,1385,27-May-12
Madhya Pradesh,Hoshangabad,Hoshangabad,Other,Cereals,509.2,1500,1500,1500,23-Apr-13
Madhya Pradesh,Hoshangabad,Hoshangabad,Other,Cereals,526.9,1975,1975,1975,30-Apr-21
Madhya Pradesh,Hoshangabad,Hoshangabad,Other,Cereals,549.1,1925,1930,1925,21-Apr-20
Madhya Pradesh,Hoshangabad,Hoshangabad,Other,Cereals,557,1925,1925,1925,09-May-20
Madhya Pradesh,Hoshangabad,Hoshangabad,Other,Cereals,588.9,1500,1500,1500,25-Apr-13
Madhya Pradesh,Hoshangabad,Hoshangabad,Other,Cereals,602.3,1385,1385,1385,18-May-12
Madhya Pradesh,Hoshangabad,Hoshangabad,Other,Cereals,614.1,1925,1925,1925,22-Apr-20
Madhya Pradesh,Hoshangabad,Hoshangabad,Other,Cereals,620.5,1925,1925,1925,11-May-20
Madhya Pradesh,Hoshangabad,Hoshangabad,Other,Cereals,623.1,1385,1385,1385,24-May-12
Madhya Pradesh,Hoshangabad,Hoshangabad,Other,Cereals,627,1925,1925,1925,19-May-20
Madhya Pradesh,Hoshangabad,Hoshangabad,Other,Cereals,645,1400,1410,1405,13-Jul-13
Madhya Pradesh,Hoshangabad,Hoshangabad,Other,Cereals,658.2,1925,1925,1925,08-May-20
Madhya Pradesh,Hoshangabad,Hoshangabad,Other,Cereals,661.5,1385,1385,1385,31-Mar-12
Madhya Pradesh,Hoshangabad,Hoshangabad,Other,Cereals,669,1385,1385,1385,17-May-12
Madhya Pradesh,Hoshangabad,Hoshangabad,Other,Cereals,672,1500,1500,1500,22-Apr-13
Madhya Pradesh,Hoshangabad,Hoshangabad,Other,Cereals,675.7,1925,1928,1925,20-Apr-20
Madhya Pradesh,Hoshangabad,Hoshangabad,Other,Cereals,675.9,1385,1385,1385,05-May-12
Madhya Pradesh,Hoshangabad,Hoshangabad,Other,Cereals,746.5,1925,1925,1925,06-May-20
Madhya Pradesh,Hoshangabad,Hoshangabad,Other,Cereals,773,1925,1925,1925,16-May-20
Madhya Pradesh,Hoshangabad,Hoshangabad,Other,Cereals,785.9,1925,1925,1925,05-May-20
Madhya Pradesh,Hoshangabad,Hoshangabad,Other,Cereals,811.6,1925,1925,1925,23-Apr-20
Madhya Pradesh,Hoshangabad,Hoshangabad,Other,Cereals,820.9,1385,1385,1385,01-May-12
Madhya Pradesh,Hoshangabad,Hoshangabad,Other,Cereals,837,1500,1505,1500,09-Apr-13
Madhya Pradesh,Hoshangabad,Hoshangabad,Other,Cereals,852.5,1500,1500,1500,10-Apr-13
Madhya Pradesh,Hoshangabad,Hoshangabad,Other,Cereals,858.8,1385,1385,1385,21-Apr-12
Madhya Pradesh,Hoshangabad,Hoshangabad,Other,Cereals,859,1500,1500,1500,11-Apr-13
Madhya Pradesh,Hoshangabad,Hoshangabad,Other,Cereals,869.4,1385,1385,1385,23-May-12
Madhya Pradesh,Hoshangabad,Hoshangabad,Other,Cereals,881.4,1500,1500,1500,18-Apr-13
Madhya Pradesh,Hoshangabad,Hoshangabad,Other,Cereals,893.6,1385,1385,1385,02-Apr-12
Madhya Pradesh,Hoshangabad,Hoshangabad,Other,Cereals,915.4,1925,1930,1925,30-Apr-20
Madhya Pradesh,Hoshangabad,Hoshangabad,Other,Cereals,923.5,1385,1385,1385,04-May-12
Madhya Pradesh,Hoshangabad,Hoshangabad,Other,Cereals,933.4,1385,1385,1385,28-May-12
Madhya Pradesh,Hoshangabad,Hoshangabad,Other,Cereals,936.3,1385,1385,1385,03-Apr-12
Madhya Pradesh,Hoshangabad,Hoshangabad,Other,Cereals,944.8,1385,1385,1385,22-May-12
Madhya Pradesh,Hoshangabad,Hoshangabad,Other,Cereals,958.4,1385,1385,1385,21-May-12
Madhya Pradesh,Hoshangabad,Hoshangabad,Other,Cereals,962.3,1385,1385,1385,03-May-12
Madhya Pradesh,Hoshangabad,Hoshangabad,Other,Cereals,969.3,1925,1925,1925,24-Apr-20
Madhya Pradesh,Hoshangabad,Hoshangabad,Other,Cereals,986.4,1925,1925,1925,18-May-20
Madhya Pradesh,Hoshangabad,Hoshangabad,Other,Cereals,994.1,1500,1505,1500,08-Apr-13
Madhya Pradesh,Hoshangabad,Hoshangabad,Other,Cereals,998.6,1385,1385,1385,25-May-12
Madhya Pradesh,Hoshangabad,Hoshangabad,Other,Cereals,"1,008.60",1385,1385,1385,24-Apr-12
Madhya Pradesh,Hoshangabad,Hoshangabad,Other,Cereals,"1,018.90",1385,1385,1385,29-May-12
Madhya Pradesh,Hoshangabad,Hoshangabad,Other,Cereals,"1,019.40",1385,1385,1385,04-Apr-12
Madhya Pradesh,Hoshangabad,Hoshangabad,Other,Cereals,"1,021.40",1925,1925,1925,25-Apr-20
Madhya Pradesh,Hoshangabad,Hoshangabad,Other,Cereals,"1,041.00",1500,1505,1500,15-Apr-13
Madhya Pradesh,Hoshangabad,Hoshangabad,Other,Cereals,"1,053.40",1385,1385,1385,28-Apr-12
Madhya Pradesh,Hoshangabad,Hoshangabad,Other,Cereals,"1,057.00",1500,1505,1500,16-Apr-13
Madhya Pradesh,Hoshangabad,Hoshangabad,Other,Cereals,"1,098.60",1925,1930,1925,27-Apr-20
Madhya Pradesh,Hoshangabad,Hoshangabad,Other,Cereals,"1,128.20",1925,1925,1925,28-Apr-20
Madhya Pradesh,Hoshangabad,Hoshangabad,Other,Cereals,"1,168.00",1500,1500,1500,24-Apr-13
Madhya Pradesh,Hoshangabad,Hoshangabad,Other,Cereals,"1,197.40",1385,1385,1385,02-May-12
Madhya Pradesh,Hoshangabad,Hoshangabad,Other,Cereals,"1,239.00",1925,1925,1925,29-Apr-20
Madhya Pradesh,Hoshangabad,Hoshangabad,Other,Cereals,"1,274.90",1500,1500,1500,17-Apr-13
Madhya Pradesh,Hoshangabad,Hoshangabad,Other,Cereals,"1,283.50",1385,1385,1385,26-May-12
Madhya Pradesh,Hoshangabad,Hoshangabad,Other,Cereals,"1,294.20",1385,1385,1385,06-Apr-12
Madhya Pradesh,Hoshangabad,Hoshangabad,Other,Cereals,"1,318.50",1385,1385,1385,19-Apr-12
Madhya Pradesh,Hoshangabad,Hoshangabad,Other,Cereals,"1,327.60",1385,1385,1385,18-Apr-12
Madhya Pradesh,Hoshangabad,Hoshangabad,Other,Cereals,"1,330.90",1385,1385,1385,05-Apr-12
Madhya Pradesh,Hoshangabad,Hoshangabad,Other,Cereals,"1,378.70",1385,1385,1385,20-Apr-12
Madhya Pradesh,Hoshangabad,Hoshangabad,Other,Cereals,"1,468.20",1500,1500,1500,12-Apr-13
Madhya Pradesh,Hoshangabad,Hoshangabad,Other,Cereals,"1,483.00",1385,1385,1385,11-Apr-12
Madhya Pradesh,Hoshangabad,Hoshangabad,Other,Cereals,"1,504.70",1385,1385,1385,23-Apr-12
Madhya Pradesh,Hoshangabad,Hoshangabad,Other,Cereals,"1,610.70",1385,1385,1385,07-Apr-12
Madhya Pradesh,Hoshangabad,Hoshangabad,Other,Cereals,"1,683.00",1385,1385,1385,10-Apr-12
Madhya Pradesh,Hoshangabad,Hoshangabad,Other,Cereals,"1,722.90",1500,1501,1500,05-Apr-13
Madhya Pradesh,Hoshangabad,Hoshangabad,Other,Cereals,"2,032.00",1385,1385,1385,17-Apr-12
Madhya Pradesh,Hoshangabad,Hoshangabad,Other,Cereals,"2,424.90",1385,1385,1385,13-Apr-12
Madhya Pradesh,Hoshangabad,Hoshangabad,Other,Cereals,"2,443.10",1385,1385,1385,09-Apr-12
Madhya Pradesh,Hoshangabad,Hoshangabad,Other,Cereals,"2,443.70",1500,1500,1500,20-Apr-13
Madhya Pradesh,Hoshangabad,Hoshangabad,Other,Cereals,"2,482.00",1500,1500,1500,13-Apr-13
Madhya Pradesh,Hoshangabad,Hoshangabad,Other,Cereals,"2,663.40",1500,1500,1500,06-Apr-13
Madhya Pradesh,Hoshangabad,Hoshangabad,Other,Cereals,"2,684.40",1385,1385,1385,12-Apr-12
Madhya Pradesh,Hoshangabad,Hoshangabad,Other,Cereals,"4,158.30",1385,1385,1385,16-Apr-12
Madhya Pradesh,Hoshangabad,Hoshangabad,Wheat,Cereals,2.4,2705,2705,2705,27-Oct-24
Madhya Pradesh,Hoshangabad,Hoshangabad,Wheat,Cereals,5.4,2700,2700,2700,03-Mar-25
Madhya Pradesh,Hoshangabad,Hoshangabad,Wheat,Cereals,6,2700,2700,2700,26-Oct-24
Madhya Pradesh,Hoshangabad,Hoshangabad,Wheat,Cereals,6,2811,2811,2811,02-Jan-25
Madhya Pradesh,Hoshangabad,Hoshangabad,Wheat,Cereals,6.6,2790,2790,2790,01-Jan-25
Madhya Pradesh,Hoshangabad,Hoshangabad,Wheat,Cereals,6.6,2850,2850,2850,04-Jan-25
Madhya Pradesh,Hoshangabad,Hoshangabad,Wheat,Cereals,6.9,2700,2700,2700,25-Oct-24
Madhya Pradesh,Hoshangabad,Hoshangabad,Wheat,Cereals,6.9,2790,2790,2790,07-Jan-25
Madhya Pradesh,Hoshangabad,Hoshangabad,Wheat,Cereals,7.2,2600,2600,2600,06-Mar-25
Madhya Pradesh,Hoshangabad,Hoshangabad,Wheat,Cereals,14.1,2750,2775,2775,26-Dec-24
Madhya Pradesh,Hoshangabad,Hoshangabad,Wheat,Cereals,14.1,2775,2800,2800,09-Jan-25
Madhya Pradesh,Hoshangabad,Hoshangabad,Wheat,Cereals,15.38,2799,2799,2799,08-Jan-25
Madhya Pradesh,Hoshangabad,Hoshangabad,Wheat,Cereals,19.47,2590,2650,2650,26-Sep-24
Madhya Pradesh,Hoshangabad,Hoshangabad,Wheat,Cereals,20.4,2775,2800,2775,03-Jan-25
Madhya Pradesh,Hoshangabad,Hoshangabad,Wheat,Cereals,21.3,2550,2600,2600,30-Sep-24
Madhya Pradesh,Hoshangabad,Hoshangabad,Wheat,Cereals,24,2800,2800,2800,15-Feb-25
Madhya Pradesh,Hoshangabad,Hoshangabad,Wheat,Cereals,28.2,2780,2799,2799,24-Jan-25
Madhya Pradesh,Hoshangabad,Hoshangabad,Wheat,Cereals,32.47,2675,2700,2690,02-Dec-24
